index,Team Name,In-game Name,Open ID
0,CFNKI Valkyrie.e,₊˚ɪɪɪ͜͡ɪᴄ♡,597468068906098
1,CFNKI Valkyrie.e,✿୨°ᵏʰᵃᵒʷᵃⁿ°୧✿,3311550513480818
2,CFNKI Valkyrie.e,ּ༏༙྇ˑ̶͙ᴇʟʟɪ͜s༙྇ᴠɪᴇʀּ͟͟͞★༙ׅ֯,1472361966797938
3,CFNKI Valkyrie.e,เอาไงต่อกับชีวิต​ดี,2931873055704178
4,CFNKI Valkyrie.e,ชีไอซ์ไม่กินเผ็ด,3109810732205170
5,fluffy kitten and friends,บิลโล่อย่าหักอกเค้า,604824475468914
6,fluffy kitten and friends,˚₊‧꒰აちずる໒꒱‧₊˚,4637480401962098
7,fluffy kitten and friends,broisnt,2147139581052018
8,fluffy kitten and friends,หัวใจสิงค์,1845423362999410
9,fluffy kitten and friends,ɴᴀʀᴀᴋsᴏᴅsᴀɪ,1697830435751026
10,Phantom Girls,・ε・MooMod,1085110602630258
11,Phantom Girls,แพรริน♡~~°°°,5091843247375474
12,Phantom Girls,˚˖८ྀིო۪σи͜sȶεֺяsྀི♡˳ׅˑ,4697951595332722
13,Phantom Girls,IBUNNY,1531211474470002
14,Phantom Girls,ᴊᴜʟɪᴇᴛ﹗,713793030259826
15,Phantom Girls,mos_pxz,2208027856012402
16,RubySunshine,等光年之外的你,4385139597706354
17,RubySunshine,֯₊ℓׅυིྀɳαხ֯υnׅnყּ♡ׂׅ̊,1731417281332338
18,RubySunshine,˚ʚ.ɪᴠყֺ༷ᴍྀིׅᴜღi♪̥♡ྀི,768968461845618
19,RubySunshine,MikaEmmy,1446166155953266
20,RubySunshine,Babymelty꒰ᐢ..ᐢ,5315943567918194
21,-CHANOMYEN-,Edokradd,371585269826674
22,-CHANOMYEN-,ׂ˳ּׅ♡ׂׅnּ͜͡αȶѕּυིྀ̫ოi͜✿י˚ׅ,137474118714482
23,-CHANOMYEN-,หัวหน้าแก๊งค์แมวอ้วน,1369920353010802
24,-CHANOMYEN-,muxin.雨,320540523037810
25,-CHANOMYEN-,˚ʚˋᴍɪʙᴍᴀʙ.˚♡゙,128921899304050
26,.BYNKA.,yxukq_,3806777691014258
27,.BYNKA.,nxm_kt,1682005226095730
28,.BYNKA.,พี่เอาสุด,1609197880018034
29,.BYNKA.,pxnzakx_,3662923264361586
30,.BYNKA.,AUM_,3026628154426482
31,3A & THE TRUTH,Cat_ᴹᵉᵒʷ,309921753269362
32,3A & THE TRUTH,₊IMQ3₊˚,4315325910942834
33,3A & THE TRUTH,ใยเกะเป็นแมว♡⑅˖,3721825989362802
34,3A & THE TRUTH,༒Alexander༒,4225953882637426
35,3A & THE TRUTH,SeMin,2104699130152050
36,5นาทีบรรลุธรรม,ʚׅ˚ოׄყოྀིׅɞℓׄ͜σძყׄ✿˳,3559504277079154
37,5นาทีบรรลุธรรม,˖₊໒ྀིribbon͜͡nყx,3320186082100338
38,5นาทีบรรลุธรรม,จ๊อปูสยองขวัญ,767555216278642
39,5นาทีบรรลุธรรม,GAM^⁠_⁠^,4060898759214194
40,5นาทีบรรลุธรรม,หมาส้มไข่เค็ม,3626179684926578
41,67GURL,แก้มตุ่ยยยยย,2338505405695090
42,67GURL,JARFA,4200492712526962
43,67GURL,เน็ตปิงตอนไฝ้ㅠㅅㅠ,2703845256004722
44,67GURL,惜yì,3817994937631858
45,67GURL,มิกันผัก,3767911793755250
46,ABSINTHE,˳^ིྀ✿ᴀᴢɪᴀ♡ྀི⁺˳,4306039721886834
47,ABSINTHE,R★K〆chztarň,973706398729330
48,ABSINTHE,_Gizzso,912379298907250
49,ABSINTHE,เuเú,
50,ABSINTHE,imw,
51,AERIN DIWA-,⋆.˚ɾiℓყnnྀིρichu`｡‧,157912794334322
52,AERIN DIWA-,มุมุ^▽^,2396344119657586
53,AERIN DIWA-,DILIishappi,490290381259890
54,AERIN DIWA-,merrydesuu,6086355943883890
55,AERIN DIWA-,Yamapder,3366414694155378
56,AETHER girls,ǫᴜïɴ͜͡ɴєყა˚₊,3355135506056306
57,AETHER girls,˚༘♡Miy͜͡ｏˎˊ˗,3416324361618546
58,AETHER girls,waenInwza55+,3487222460515442
59,AETHER girls,holychunrez,3531372375508082
60,AETHER girls,Pondsensei,396281264669810
61,Aftershock,K1kyo?,3370567323550834
62,Aftershock,บฟ?,930793098773618
63,Aftershock,mid4phing,254452519076978
64,Aftershock,ตัวละครลับซุตโตะ67,841449054864498
65,Aftershock,ʚIrisɞ,110420455261298
66,AILYX x MBV,Shanzhu,4823450405504114
67,AILYX x MBV,Sunday_poba,1719748123624562
68,AILYX x MBV,เม้ว ★,3880754610373746
69,AILYX x MBV,POMMELLOW,317755236746354
70,AILYX x MBV,ⁿᵒˣʸⁿᵒⁱⁱᶻ.⋆´ˎ˗,1466767503459442
71,AILYX x MBV,muziq1zcat`,3302773882029170
72,ALARIS,♪.ֺ一єv͜͡eྀི༙ℓყׅииֺ★ა,990817883980914
73,ALARIS,ooyice321,80755720127602
74,ALARIS,˳˚˖ָ࣪ᴍɪ͜͡ʀᴜマ‧₊,2460854662661234
75,ALARIS,ʜᴘʀ┊༒F҉o҉͜͡x҉༒,3344462579434610
76,ALARIS,‧₊温かい手❀˚,4828043269047410
77,All for Aom,Senorita.*,1344578032698482
78,All for Aom,lucerys`,3535136243254386
79,All for Aom,Nxellezz,2157885455008882
80,All for Aom,sugarrr?,3326498140521586
81,All for Aom,imnotsparkle,3166313510012018
82,ALWAYSG,s͜͡†༙྇ᴇֺᴘʜׅᴇɴ͡★༙,1861937914905714
83,ALWAYSG,-PLOY-',1745016825513074
84,ALWAYSG,●•·Kaira✸･:･,3421968015754354
85,ALWAYSG,?????,4646404001825906
86,ALWAYSG,ʚ`sofi͜͡a✿‧₊,1372581555012722
87,AMRAPHON,MondddddTT,363095461659762
88,AMRAPHON,Cho_Chang,461577048491122
89,AMRAPHON,Cyrus..,3202988839732338
90,AMRAPHON,秦潇湘♡,586577306911858
91,AMRAPHON,ᴍᴀʀɪᴍᴏ‧̫‧,627444658930802
92,AMRAPHON,ฝันร้ายแรงค์คอน,257400745690226
93,ANÉLYN,ˋ†ּ༙ׅ྇ᴄ͜͡ᴇ༙྇ʟᴇ͢s֯ᴛɪ۪卡羅★༙྇,2699368557905010
94,ANÉLYN,janeyadiwa,2543926712140914
95,ANÉLYN,ᴍᴀʙᴇʟ★,1461982641456242
96,ANÉLYN,⇀ˉׅʀʏֺ͜ᴢ༙ᴇׅɴ֯ɴ͡★༙˟྇.,4504325275714674
97,ANÉLYN,ʙᴀʙʏᴍɪʟᴋεїз,726010333168754
98,APEX,糖漿,4026531840215374
99,APEX,金枝,2976039546586226
100,APEX,Moli8mv,2899263516509298
101,APEX,Oาหวังมีปิ๊!!,4935332491625586
102,APEX,littlewater_,3069150478140530
103,APPLE SOUR,bwacp,2308018989630578
104,APPLE SOUR,♡‧₊˚‧₊˚,388586025452658
105,APPLE SOUR,ʙᴇʙʙʏʏꜱ,3869988872193138
106,APPLE SOUR,อย่าเข้ามานะคะ!,475256921982066
107,APPLE SOUR,Airair_00,89216335938674
108,Armageddon,Nævis☆,1094793740616818
109,Armageddon,กูกะเหนื่อยยยยยยย,887571970458738
110,Armageddon,มูแพมเพิส,255556124345458
111,Armageddon,♡ᴊᴇʟʟʏғɪsʜ｡ﾟ,1065266108892274
112,Armageddon,۝•ᴳᵒᵈᵇᵒʸ•۝,3111280349217906
113,ARMED MARSHMALLOWS,YUFO.L,636589852263538
114,ARMED MARSHMALLOWS,Lalitphattt,4727354136134770
115,ARMED MARSHMALLOWS,เจสติ๊งต๊อง,288958890312818
116,ARMED MARSHMALLOWS,มันม่วงรสเผือก,4505472568853618
117,ARMED MARSHMALLOWS,MynerMind,117685795095666
118,ASCEND,Palmira_xs,527709008757874
119,ASCEND,จึ๋งปั๋ง_มั้ก_นร้าาาา,828125999203442
120,ASCEND,Suphatchaya.p,3855614287742066
121,ASCEND,แมวมีตัง,3177287889650802
122,ASCEND,05XJUNE,2857049826460786
123,Ascher,ɴa͜͡σмi͜͡ɪɪɪ’ٮ‘,3237808475145330
124,Ascher,Kiwkaxy,667067879720050
125,Ascher,กระทิน้อย.,1313901228786802
126,Ascher,Mintchy.,994989907838066
127,Ascher,♡แฟนพี่พิมพ์♡,309995438802034
128,Ascher,Watanabe_o,743307441538162
129,Astra Nova,เดิร์ฟ,4783113213510770
130,Astra Nova,แคทเน่า,3510291065406578
131,Astra Nova,D-duck.,3545330549458034
132,Astra Nova,Khaipum,2418148729095282
133,Astra Nova,ฝันดีนะจ๊ะ~~,2691069204694130
134,Athora Esport,sashimii,237487935128690
135,Athora Esport,ซินไม่ไหวแล้ววว,1597497315361906
136,Athora Esport,MongKhol,3132012693226610
137,Athora Esport,ชมพูพิ้งป่วนป้อม,1027721585165426
138,Athora Esport,ᴊᴜsᴛf͜͡o༙྇rʏᴏᴜ,4124925380199538
139,Aura of Eternity,Zuzumiko,3393081542116466
140,Aura of Eternity,MⒶⒾⒹⒶ,2315307683349618
141,Aura of Eternity,(｡•̀ᴗ-)ดรีมมี่✧,707958854059122
142,Aura of Eternity,จูดี้คับบ^-^,2226010347209842
143,Aura of Eternity,•chocobo•,101514303702130
144,Aura of Eternity,ʀᴇɪɴᴀ.,233848218780786
145,Auri,†˚ᴍ͜͡α༙྇кz★˚.,203140209247346
146,Auri,Mom’sLeia,285991940326514
147,Auri,Wrenris',3525495585178738
148,Auri,TOTOROO,1583998501586034
149,Auri,seattlegirl,177892311106674
150,Ava,เด่กวงโยเค้ารู้กัน,4534183418594418
151,Ava,คิดถึงนะT~T,4311578887521394
152,Ava,จิ้งจกตกท่อระบายน้ำ,5477379174761586
153,Ava,อัยหรั้ย,3490105658639474
154,Ava,"""ooมzิน★",6118529007027314
155,Ava,Qxr888,4179493812110450
156,Awe‘some,เนญ่าชอบขี่ไดโนเสาร์,3794721919140978
157,Awe‘some,Nxłlźy,2443750492275826
158,Awe‘some,รักนายกพิธา,3084978103714930
159,Awe‘some,ยาแก้บ้า.•o,1277131879548018
160,Awe‘some,「sᴀɴᴛᴛ°–✧」,3040137168749682
161,B-PAWF,ᴡᴏʀꜱᴏʀ,1458010736231538
162,B-PAWF,Ms.WhippedCream,3085230902805618
163,B-PAWF,i'm_soybad,2927524736861298
164,B-PAWF,ᴀɴᴄᴇʟɪʙᴀᴛᴀɪʀᴇ,3153123262792818
165,B-PAWF,ิิbbq._,2015400988705906
166,Babiezzzzz,Kidsheumaioak,2578396576154738
167,Babiezzzzz,NNanurse♡‧₊˚,263003866072178
168,Babiezzzzz,tapiru,163773478536306
169,Babiezzzzz,Garfq,2372578656322674
170,Babiezzzzz,芳欣,1297340774417522
171,BabiiMantis,Aquariuspat,4501276385805426
172,BabiiMantis,ภูริน่าLv999+,4234313164063858
173,BabiiMantis,Hanane•~•,5035545621365874
174,BabiiMantis,งาง่าง้า,3921952473547890
175,BabiiMantis,slencboyie,4384176048637042
176,BabiiMantis,whatevervivi,4254774388262002
177,BabiiMantis,babepeiyay._,3696095779816562
178,BABY GIRLS,MyQueenníe,3189731483649138
179,BABY GIRLS,จีจี้ขี้ระเบิด,3482840654349426
180,BABY GIRLS,สมศรีหญิงล้วน,3208088173872242
181,BABY GIRLS,SYBAU_.,5468205325943922
182,BABY GIRLS,マノージ,4749768630928498
183,BABY GIRLS,sky.d,4561150847157362
184,BABY Jonior,˚.?̊ᴋᴜʀᴏᴍɪྀི｡⋆,3618892132058226
185,BABY Jonior,‧₊˚ᴄɪɴɴᴀᴍᴏɴ‧₊໒꒱,3910837903492210
186,BABY Jonior,ɴᴏᴠᴀr͜͡ᴀɪωᴀ,2681828247012466
187,BABY Jonior,?,3517813969060978
188,BABY Jonior,alwaysgosomewherefarawayfromus,4700594141070450
189,Baby Monster,『Tøru』Ṁaké,2759312074278002
190,Baby Monster,୨୧꒰ｗa͜͡ｗǝe۫۰۪✿ˎˊ˗,3328783063123058
191,Baby Monster,୨୧˚cчrє˚୨୧,3595637031634034
192,Baby Monster,ค่ะพี่คนเก่ง.,444008672493
193,Baby Monster,♡Neko_Ari♡,255936161664
194,Babybombb,✿:浜辺ʀ͜͡ɪɴ.ˎˊ˗,218676917896306
195,Babybombb,꒷ᴘoɾk͜͡αεω✿ˎˊ˗,1436094994515058
196,Babybombb,จีเซลเป็นซานตาคอส,293168226698354
197,Babybombb,ᴛᴀʟɪᴡʚɞ,3261877337654386
198,Babybombb,Satou_Zzz♡‧₊˚,436286670439538
199,Baddie Girlz,Lusslypoo,367132865135730
200,Baddie Girlz,LélysPadkaiiッ,4337126158304370
201,Baddie Girlz,maybe’p,196475896398962
202,Baddie Girlz,ชิบะอเวนเจอร์,3050723457827954
203,Baddie Girlz,Aquahua,1028570713621618
204,Baddiez E-Sports,BDZ.Nextar,112683835917426
205,Baddiez E-Sports,BDZ.Reiisxng,1460572080243826
206,Baddiez E-Sports,BDZ.Inuzuki,3055770782598258
207,Baddiez E-Sports,BDZ.Muzan☆,5805916121400434
208,Baddiez E-Sports,^ต้มยำแมว^,3735640751670386
209,Baddiez E-Sports,BDZ.Mabelzp,1097677744047218
210,BANHAN3KIDS,ʝulieྀིαɾn`♡ྀི,5418238817272946
211,BANHAN3KIDS,พี่อู๋จุนHi-end,3592304740992114
212,BANHAN3KIDS,m͜͡υмυ☆,4745726395614322
213,BANHAN3KIDS,拉帕功,3099702593782898
214,BANHAN3KIDS,Gee☆,5335689747170418
215,BAR B GON,ท้ายตาต้าา,3592842350101618
216,BAR B GON,<a>N'aoeii</a>,3056692522845298
217,BAR B GON,แมวฟ้าตัวสีเขียว:-:,298803223790706
218,BAR B GON,yeuzorkeoˋ,4747386870236274
219,BAR B GON,黯枭,3866592626803826
220,Barbie girl,rainyourheart`,2231487437145202
221,Barbie girl,˗ˏˋ˖࣪⋆ɢᴀ͜͡ʏ✮ˎˊ˗,3429810894472306
222,Barbie girl,˚?ִ†༙྇nֺαּt͜͡s༙྇uֹ໒꒱ִྀི˖࣪,3021711087961202
223,Barbie girl,‧₊˚໒ིྀȶoωྀིα♡ྀ༝˚ִ˖,3497632655934578
224,Barbie girl,‧₊८˳ྀིྀིྀn͜͡αּׄოiׅ♡ֺ֯·⸝,3556244128466034
225,BBbunny,ʙᴀʙᴏ̈sʜɪ,2830401567655026
226,BBbunny,ไอ้แว่นไก่,3681903463040114
227,BBbunny,แด่เธอในอีก2000ปี⠀,3364164064183410
228,BBbunny,ʟᴜиᴀʀ.,362115739354226
229,BBbunny,`°ᴍᴇʀʟɪɴᴢ.︎݁˖♡ˎˊ˗,2676912321397874
230,BLACK CAT,ׂ˳ּׅ♡ׂხׅeℓℓּ͜͡αni̫eׂz໒꒱ིྀ₊֯,3467088593355890
231,BLACK CAT,yolppii,352487093765234
232,BLACK CAT,мвν•Kʝαɾʂταɾ,3131399787971698
233,BLACK CAT,alwaysurjupiter,2875041780008050
234,BLACK CAT,֯₊†༙ׅ྇ԃe͜͡Ⴆ༙྇bi͠e͙݁˖Იᰍ⋆༙ˊ,3116566648652914
235,BLACK CAT,kaiza555+,3397665480180850
236,Black Magic Team,KIMD0KJA,3511691023418482
237,Black Magic Team,໒ྀིʏᴜᴍïᴋ͜͡ø♡ˎˊ˗-,4207301644977266
238,Black Magic Team,ׂ˳ׅ˖໒ིྀρׅz͜͡υɾɑ֯໒꒱ﾟ·,3480095566267506
239,Black Magic Team,ᴍᴀɴʏᴍɪɴᴇ,5332745479980146
240,Black Magic Team,ᴊᴇɴɴʏᴋɪᴛᴛᴇʀ,3846717934077042
241,BLACK ROSES,Virelle_gxgg,943447280387186
242,BLACK ROSES,เเมลงวันตอมขี้,1458166630122610
243,BLACK ROSES,汪琴艾。,3313154995092466
244,BLACK ROSES,หยองแหยง•_•,1475285564458098
245,BLACK ROSES,alanp,2751074058568818
246,BLACK ROSES,nnh2k_,3213559224009842
247,BlitZ,TeuqouB,2564217211389042
248,BlitZ,ᴢ?ɪ?ᴀ?,3281964362826866
249,BlitZ,เบาลูกป้าจะเสร็จ•ω•,3612834349122674
250,BlitZ,ʙᴀɪʏᴏᴋ?,3586720679527538
251,BlitZ,ImNotYourMom,2932847006647410
252,BLUE FATE,†༙ׅ྇ˊçֺ͜ҽℓֺ͚ɪ͛иeׅ༡˳ׂ,3664304297673842
253,BLUE FATE,magter⁂,2558876084012146
254,BLUE FATE,꒰˳ྀིȶsִυᴋi͜͡кཾִσ⸝♡ཾ,3792475382809714
255,BLUE FATE,คิงแอ็คคุง,4238427474297970
256,BLUE FATE,KrATa–!,560208892068978
257,BLUE FATE,˳ֹ★༷྇ᴍ͟ɪʜ͜͡ᴀ༙྇ʀᴜֹ໒꒱ִྀ༙྇⇀,592965198349426
258,Blue Phoenix,֯ ⁎ ⸝ׅɴᴀ͜͡ᴏᴍׂɪ♡ﾟ·,3480283672413298
259,Blue Phoenix,DarkYue༉‧₊˚✧,420034514191474
260,Blue Phoenix,･ﾟSEEGA❀･ﾟ,5763742294017138
261,Blue Phoenix,Sukunaシ.,1797064715601010
262,Blue Phoenix,ᴡᴀɴᴀs♡´･ᴗ･`,394051841098866
263,Breakout star,ᴍᴜʀᴀᴊɪϟ,1375202357478514
264,Breakout star,Areyouz.音韵,3851532256871538
265,Breakout star,ไม่ต้องร้องนะยัยบ๊อง,414716807808114
266,Breakout star,ᴍɪᴅᴏᴊɪϟ,4323157045609586
267,Breakout star,Sanka.,2497463286170738
268,Breakout star,Ɓєєℓσу,881401176196210
269,Breakout star,อาหลางหมาป่าเหมัน,215929883657330
270,Brooklyn Baby,quasarㅤ•ㅤ鳳林,373059383133298
271,Brooklyn Baby,ʚ～คิตตี้ขี่มังกร～ɞ,4946546114364530
272,Brooklyn Baby,ᴡᴀғᴀɪʟʕ•̀ᴥ•́ʔ,3208266549232754
273,Brooklyn Baby,อยากเป็นแมววว༊*·˚,3502238270162034
274,Brooklyn Baby,MASAOMI.,485565380363378
275,Bubble Gum,ხαხყხeαოˋ,4463361421149298
276,Bubble Gum,₊ ˚ʚɞ˚ ₊,2886360562336882
277,Bubble Gum,Libixxzx♡,116560111010930
278,Bubble Gum,໒ɴᴏᴇʏᴋɪɴ͜͡ᴍᴀᴇᴏ꒱ྀི১,2501634974483570
279,Bubble Gum,เรียกตัวเล็กสิคะヅ,3053856032490610
280,BUBBLY BLOOM,Maylilalaly,3576386115798130
281,BUBBLY BLOOM,babykitty:),2929360231400562
282,BUBBLY BLOOM,ᴋᴜʏᴀʟʟ,1094292168967282
283,BUBBLY BLOOM,지아,1425558231778418
284,BUBBLY BLOOM,AvocadoQQ,279349639185522
285,BudsabaSUPPORT,JASบุษบาคำแก้ว,2262310873924722
286,BudsabaSUPPORT,小鹿？,3029672480932978
287,BudsabaSUPPORT,*•.♡ᴍᴡ♡.•*,1547288342365298
288,BudsabaSUPPORT,bemineagain’,2983571577046130
289,BudsabaSUPPORT,‎૮•ɴɪɢ͜͡ʜᴛ✧ˎˊ˗,‎2912209554572402
290,bunnygawa,perriwinkle`,3366876604466290
291,bunnygawa,chaserhanyu`,3838467234792562
292,bunnygawa,Chαყen,1651635847890034
293,bunnygawa,starcanshine,5060370867881074
294,bunnygawa,pix0rie,3188195831514226
295,Bunnyrose,บ๊วย♡,2761339768603762
296,Bunnyrose,·｡໒꒰ྀིᴋɪᴍᴋᴇᴇྀིა｡·,4726041755190386
297,Bunnyrose,พี่เบื่อ'สายแจก,5193463649993842
298,Bunnyrose,ฮันนี่:,1350820163683442
299,Bunnyrose,⋆｡˚୨ᴛᴍᴛ︎୧˚｡,1143983397078130
300,Bunnyrose,5187565183501426,ชาวีแฮนซั่มแอนคูลล-.
301,BUNNYX,KxrZx,1542824529167474
302,BUNNYX,แมวดุ♡,1254556994569330
303,BUNNYX,เตี่ยมีปีกอาโป,1713475189671026
304,BUNNYX,คิตตี้ขี่ยุง,2789544550401138
305,BUNNYX,CAYLA:),101124669637746
306,BURAPA RASMING,gh★s†,2541044252214386
307,BURAPA RASMING,↬ᴡ​łɴ⋆｡˚,3495516780561522
308,BURAPA RASMING,ᴛʀɪᴘʟᴇ.ᴛ,454382038746226
309,BURAPA RASMING,˚nabambi.꒰ঌ໒꒱,3346101042349170
310,BURAPA RASMING,_ᴄʜᴀ,1077578840605810
311,BURAPA RASMING,Firstttttt_,282222838088818
312,BURAPA RASMING,มาง้ออ้วนแล้วอะ,5961534597694578
313,CA NAPP,ไจ๋ฮเวจุน,5697114533463154
314,CA NAPP,พลอยไปเรื่อย,2835947913938034
315,CA NAPP,โลชวยโลชั่น,3793617240130674
316,CA NAPP,aiaiʚ♡ɞ,3164132002169970
317,CA NAPP,ΒΟΥΥΤΕΕΡΕΝ,3516680500348018
318,Call center team,พี่สิญ,2826642598855794
319,Call center team,☆มอย:o:แน้ว☆,2472679848477810
320,Call center team,·Sxifxiii˚·˚,2585452267897970
321,Call center team,⁺໒꒰ྀིꜱᴏʟᴀʀɪꜱ˚⑅꒱ྀི১,1758813132883058
322,Call center team,สีแดด,2594206350771314
323,capybara cuteV.2,*ೃ༄ᴊᴏʏᴡʀᴘೃ࿐,1898970867762290
324,capybara cuteV.2,°.ᴀɪsᴜk͜͡ᴜʀɪᴍᴜ₊˚,1640569193563250
325,capybara cuteV.2,•—มีแมวมั้ย—•,68730013025394
326,capybara cuteV.2,เอ็งเป็นใครรึ,558838059304050
327,capybara cuteV.2,nicotine.chaos,2681233125606514
328,CATEYE,₠῟RezCy✧,2214730689348722
329,CATEYE,SalmonSalad^•,4227135803950194
330,CATEYE,lrenseii,275591542801522
331,CATEYE,มาฝึกโว้ย,3828288363627634
332,CATEYE,"•MÍLNE`,-",3765595531314290
333,CATEYE,Aishi‿×,287677782099058
334,Catsea,เพื่อนเรียกยัยสติทช์,3695417980290162
335,Catsea,ੈ✩‧₊˚???.ೃ࿐,3035228960654450
336,Catsea,liliBlue,340072557905010
337,Catsea,『✧♪cartoon♪✧』,5113770733143154
338,Catsea,willumarryIris?,4847686369084530
339,Catty Girls,ririིྀch,3508801785496690
340,Catty Girls,ชินาม่อนบันบัน,781313540031602
341,Catty Girls,จัมปย๊งงึ•○•,2757713474028658
342,Catty Girls,ᴄʜᴇʀʀʏ.ᴄʜɪʟʟ,1627947425530994
343,Catty Girls,ᴛᴡᴇᴇᴛʏ΄ᴠɪʙᴇ΄,3000234976412786
344,CATZILLA,kanomjeenluver,646177427227762
345,CATZILLA,ᴍᴏʏᴜ,2394142613374066
346,CATZILLA,VongolaNo.11,2685569767507058
347,CATZILLA,.ׅ˚เคยอมแล้ว✿ֺׅ˳,2941442578383986
348,CATZILLA,กล้วยหอมจอมดื้อออ,661698096858226
349,CCM,ＤＡＲＩＮ*ੈ✩‧₊˚,151487254824050
350,CCM,chaaaaa',326525492855922
351,CCM,˗ˏˋĐoRy͜͡❀´ˎ˗,254776386454642
352,CCM,ต้าโอ๋ตาโต๊โต,3010465789838450
353,CCM,เยลลี่คือของโปรด,2133032962294898
354,CH!CKEN,เอ๋ยLuXคิมเซนเซ,4041243311146098
355,CH!CKEN,ชานม†,3512926900257906
356,CH!CKEN,จะตบเม็ดส้มメ,3087956999079026
357,CH!CKEN,甜甜甜,4290444628526194
358,CH!CKEN,อ้วนอย่าทำเค้าาา!!,4235743589500018
359,CH!CKEN,ถารันังซก,2788505772295282
360,Cherish Ladies,Sy1via?,846702202520690
361,Cherish Ladies,agorahills`,560282980254834
362,Cherish Ladies,ᴍiᴍiᴋi,3458403498394738
363,Cherish Ladies,ariez,674711579329650
364,Cherish Ladies,、Liling莉鈴,453628808856690
365,Cherish Ladies,Sydneyz`,3471182972257394
366,Cherry On Top,— littlecloud —,1806101595227250
367,Cherry On Top,เรียวอิคึเทนไค,638456820860018
368,Cherry On Top,ตัวประกอบบังไค,2282116712957040
369,Cherry On Top,ชีต้าคนสวย.,2168244513473650
370,Cherry On Top,NóngShiㅤ詩,3650740522517610
371,Cherry On Top,✿ᴋɪʀɪᴋᴀ✿,1572151304062066
372,Cherry On Top,mist.meow,1108297319122034
373,Chicken,มวยหัวคาย23.,6104572645016690
374,Chicken,จะรุมเพื่อ!!!,5126618389611634
375,Chicken,Tufu2555,5055094097904754
376,Chicken,DarikaKuekth,4754721130873970
377,Chicken,พี่มาเเล้วหนู,5475625687254130
378,Chikiken,ilovealmond,974412182652018
379,Chikiken,แบ้งเอยdiwa,2975736147412082
380,Chikiken,แมวส้มไข่บวม,1913350216942706
381,Chikiken,เบนเทนเอเลี่ยนเอ้ก,4998542062191730
382,Chikiken,แม๋วมอง,5503822550205554
383,ChilLax Girls (ชิลแล็กซ์ เกิร์ลส์),ᵇᵉˡˡᵒⁿᵃミ★,1746065602839666
384,ChilLax Girls (ชิลแล็กซ์ เกิร์ลส์),NasibuduxAdlz,495949940196466
385,ChilLax Girls (ชิลแล็กซ์ เกิร์ลส์),labyrinth˙ᵕ˙,353868731057266
386,ChilLax Girls (ชิลแล็กซ์ เกิร์ลส์),ใบเฟินโมโหหิว,593742855865458
387,ChilLax Girls (ชิลแล็กซ์ เกิร์ลส์),★☆YöShi☆★,572598194996338
388,Chonburi Esports,Kirbyyyy,2023235344598130
389,Chonburi Esports,เบบี้ชิฟ่าน,2531945565324402
390,Chonburi Esports,littlejane',841217663501426
391,Chonburi Esports,ᴄʜᴇʀʟᴇɴᴇ•ﻌ•,75615382471794
392,Chonburi Esports,yuukiiiiii.,2831481080841330
393,Chonburi Esports,cxiizer,1719841874707570
394,Chonburi Esports,ʙɴu͜͡ɪᴄᴏˎˊ˗,4409996116952178
395,Chs2,Pmmpct,6010606343881842
396,Chs2,ოⅰყαńo♡ྀི,299d4fb292eaa30e74db3c8acb9cb9fd
397,Chs2,ดอลี่,a7bb9b6cb48eb527119e855832ead95a
398,Chs2,↼ֺ͜࿊྇༐ᴘׅ͡ᴇ̷ᴇֺ͜ᴍ★༙྇༡ׅ,5587036467823730
399,Chs2,แม่งลาบ,61d85bb73c8e697fbbe4d566f84a86a3
400,Chs2,เชนน์ดิ่วะ,318416d811971aa9b7f3c52b48ee9012
401,Chs2,~`•Nanami•^°,99952c2174ac95be59fc8887e76b90c7
402,Cinnavy,˳ֺׅ໒˳ხ֯u͜nּ⠀nie♪ྀིაֺׅ,277107666257010
403,Cinnavy,₊˚໒꒰ྀིოe͜͡ʟνis꒱ྀིა˚₊,2537160595145842
404,Cinnavy,‧˳ʚׅ˚ოiოin໒꒱ྀི˳‧,1348564970308722
405,Cinnavy,Usahana.,3923230964515954
406,Cinnavy,ßåẅånn̈_ą°,4935380004701298
407,Clover Cat,ᴅᴏʀᴏᴛʜʏᶻ,939309482050674
408,Clover Cat,Maki!,2735436552406130
409,Clover Cat,ϟɴᴀᴍıɴϟ,501942627533938
410,Clover Cat,Ggtm,2953815171204210
411,Clover Cat,marsU,2625027304522866
412,Clover sun,ᴄ͜͡enlineッ,3512660545176690
413,Clover sun,ไอเลิฟยูหมีเนยยღ,2432730008847474
414,Clover sun,ᴍᴀ͜͡ ᴏᴍᴀ͜͡ᴏ★,4246272500499570
415,Clover sun,syuuuu`,3612745765422194
416,Clover sun,‡‘Jiran⁹†,4412985951061106
417,CLOVER V,┌㋡RABBIT✰F,1469376427656306
418,CLOVER V,Julin_c,5019622365660274
419,CLOVER V,alldabii.t,4043897600935026
420,CLOVER V,kjb_bibi,3046973213181042
421,CLOVER V,WawaCho,5661282963489906
422,CMES Angels,˚˖ʏᴜ͜͡ᴋɪɴᴏྀི⸝⸝｡,2633316994057330
423,CMES Angels,ᴋᴀɪᴢᴇɴ.,3398843509179506
424,CMES Angels,บังบี๋ขยี้ใบ,2023666183505010
425,CMES Angels,bֵbֹֹֹყpitchα`♡ིྀ,3344253468214386
426,CMES Angels,jxsper`,3417362401526898
427,CMES Angels,กุจอจินมึงอินไร,3492566272246898
428,CMES Angels,ink1ngk,1100044203918450
429,Crimson Girl Esports,KÂNIXG,281753545802866
430,Crimson Girl Esports,ชมพู่ถูสบู่,2709241949521010
431,Crimson Girl Esports,♡₊ᴍʏʙ₊♡ㅤ,141618627937394
432,Crimson Girl Esports,ᴡᴇɪɢʜᴛᴍᴏᴛʜᴇ,3515890629018738
433,Crimson Girl Esports,ᴛᴀᴇsᴇn͜͡sᴇɪ,3768363100865650
434,Crimson Girl Esports,คนอร์,3377224791295090
435,Crimson Girl Esports,ˋvαℓҽɾie♡ྀི,1374145124435058
436,Cute Killers,meowmimi,2741443869475954
437,Cute Killers,Sharon,2414286479754354
438,Cute Killers,ᴋнᴡᴀи,264431942698098
439,Cute Killers,✧*=^..^=*✧จุ๊งเหมี๊ยว,3198433087390834
440,Cute Killers,❥·´nn.:*,1757464647369842
441,CUTIE CHAOS,เบอร์ตอง222,542942855103602
442,CUTIE CHAOS,AAMORI,693496759649394
443,CUTIE CHAOS,PANGPOND:,443391754306674
444,CUTIE CHAOS,PPLIN,361352376026226
445,CUTIE CHAOS,banana-888,657588081591410
446,Cutieshy-CTS (คิวท์ตี้ชาย),fõgüš,4738579502924914
447,Cutieshy-CTS (คิวท์ตี้ชาย),｡˚ოɪྀི͜͡nოɪྀིnაˎˊ˗‎,3054042662241394
448,Cutieshy-CTS (คิวท์ตี้ชาย),ᴍᴀʀɪs͜͡★,589544927986802
449,Cutieshy-CTS (คิวท์ตี้ชาย),น้อนลอดช่อง,2005940920583282
450,Cutieshy-CTS (คิวท์ตี้ชาย),˚.८ྀིׅᴋȶ͜sֺsׅ͡s.ֺρּ໒꒱ྀ˚.,422971466515570
451,DAPHNE,ᴄʜɪғғᴏɴ·˚༘,411071655642226
452,DAPHNE,cinzee₊˚,3145265754342514
453,DAPHNE,❁ᴄʟᴇxᵀᵒᵒᵑᵄ,151903061345394
454,DAPHNE,ᴠxᴠʏ,481552471622770
455,DAPHNE,minnieeemini,699190745433202
456,DARK DIVA,ไก่นุ่มม.,2826461203596402
457,DARK DIVA,₊˚‧cαrȶoon͜͡✿ᝬ,3303606233269362
458,DARK DIVA,NEVER$,198704514663538
459,DARK DIVA,Nana-geyeong,1416688922985586
460,DARK DIVA,ᴍᴄ.ɴᴏʀʀɪꜱ✩‧₊,4552384013599858
461,DarkAgenT,^ིྀ⸝あいか｡♡,927231430034546
462,DarkAgenT,+EUNBY+,2947062073328754
463,DarkAgenT,ᴍᴏᴏɴᴏʏʕ•ᴥ•ʔ,3437228235883634
464,DarkAgenT,Kerua,2001074923963506
465,DarkAgenT,แมลงปอทอด,3170965899117682
466,Dayromii,น้องมิวฟิกโยก,3136461608256626
467,Dayromii,SORA,3626666157081714
468,Dayromii,猫猫,4107854697137266
469,Dayromii,ดั้กโก๊ะ._.,4729512894071922
470,Dayromii,งาหง่าง่า,4110118681773170
471,DekRoseetta,พอลออออ,175260704113778
472,DekRoseetta,정천하,3158951667631218
473,DekRoseetta,:มาแจกแบกหน่อยค่ะ:,262485248771186
474,DekRoseetta,น้อวมิ้น︎,3056463681619058
475,DekRoseetta,♛Isabella♛,3529572918428786
476,Destiny Meeting,แตงแสนแดด,318811932918898
477,Destiny Meeting,หนูไม่น่ารักตรงไหนง่ะ,548490946217074
478,Destiny Meeting,หนวดสายลับ‘-’,378750751671410
479,Destiny Meeting,oทำแดวo,915756955141234
480,Destiny Meeting,ไอกร๊วกนี่,2817449221358706
481,Diva Blitz,˖ָ࣪ᴛsᴜᴋ͜͡ɪྀི১,3523815581877362
482,Diva Blitz,ᴄᴇʟᴇɴᴀ.,1711453400925298
483,Diva Blitz,PXP_kuku​,3802323071730802
484,Diva Blitz,Dorothy<3,3267873447543922
485,Diva Blitz,ʚ-ปราย-ɞ,387456583271538
486,Diva Blitz,ʚ-ไอย์-ɞ,80212675200114
487,DooWhiteค้าบบบ,ออลแนนสแตนบาย,4140444372108402
488,DooWhiteค้าบบบ,ว้าวซ่า554,4872689454089330
489,DooWhiteค้าบบบ,เมวฟันเขี้ยว,3260133312496754
490,DooWhiteค้าบบบ,Murphy'',3850374293423218
491,DooWhiteค้าบบบ,ིྀ༵₊˚su͜͡яғˎˊ˗,1555961559057522
492,EENY MEENY MINY MOE,seriousduppy,5491108708811890
493,EENY MEENY MINY MOE,PolyPeach,3831176796243058
494,EENY MEENY MINY MOE,MAR_u,4170674432312434
495,EENY MEENY MINY MOE,jennamonrolling,5510772209943666
496,EENY MEENY MINY MOE,mariposa,871433026864242
497,Egoist,ᴱᴳᴼมันเท่เมทัล~,491928575738994
498,Egoist,ᴱᴳᴼฟส.เหน่ย,1627530679485554
499,Egoist,ᴱᴳᴼลูกปลาเองค่ะ,165707086234738
500,Egoist,ᴱᴳᴼfairydew,1239699226297458
501,Egoist,ᴱᴳᴼPTS’.,3026187786060914
502,EGØILST™,ผมชื่อฉลาดงับบบบบ,100791138583666
503,EGØILST™,✧mow✧,5801925694129266
504,EGØILST™,มหาเทพตบคลีปv.2,3500390092047474
505,EGØILST™,AkiraZane,933133587514482
506,EGØILST™,กินลาบอยู่หน้าสน,5139417190827122
507,EGØILST™,֯₊໒ིྀׅѕּ͜͡υℓeׂniּ̫α۪໒꒱ིྀ◌˳ׂ,3562006766617714
508,EGØILST™,/ghostboy,74544794764402
509,ELYNT,ᴱᵀˢᵁ,2728887465477234
510,ELYNT,tun.,205668938351730
511,ELYNT,･⁺qυinnιє꒱ྀི.•,308529915430002
512,ELYNT,ᴢᴏϟᴅʏᴄᴋ,355864011801714
513,ELYNT,✧️˖⁶ⁿᵒᵛˣᵐⁱˡᵏ˚༘,350313840313458
514,Elysia,｡˚ᴋɪᴛᴛʏʏ১ˎˊ˗,3577835935695986
515,Elysia,Feim͜͡iaoˊ蓉ּ,1824720010019954
516,Elysia,PINKCANDYツ,2340883676726386
517,Elysia,กุ้งต้มมม,4237424263890034
518,Elysia,세링링,2275272347026546
519,ENERGYx3,หมวยจะเล่นแครี่,311948843615346
520,ENERGYx3,นู๋นาจะเล่นเมจ,935860891747442
521,ENERGYx3,MARILYNϟK,247754786014322
522,ENERGYx3,สวัสดีเราพิมมี่,2946938861454450
523,ENERGYx3,"""iTonGsz•*",224281112020082
524,Eris,Toxxin,1901594757235826
525,Eris,TripleMonkeys,5612646820938866
526,Eris,Archie's,4958670203061362
527,Eris,โดเรม่อนร่อนเอว,155603578324082
528,Eris,·.°prεςï⊕υš·.,4066531944367218
529,ESCAPE,♡รักเมนฮายา♡,4961730031715442
530,ESCAPE,ท้องอืดด,3676876740691058
531,ESCAPE,Rาชาช๊ะช่า,5763460034135154
532,ESCAPE,รุ่นใหญ่มากุหนี,3543603100189810
533,ESCAPE,Mxprxng.a,3133876776141938
534,ESCAPE,☆Kミ,3133876776141938
535,ETC x DIVA,Jmbzz..⠀,331430345507954
536,ETC x DIVA,vvainv,3788071430718578
537,ETC x DIVA,˚｡ʚ.ɓɑɓe.b͜͡ɑiˊ˗,463700976927858
538,ETC x DIVA,วิศวะทำเค้าเสียใจ,2436187927282802
539,ETC x DIVA,มิกกี้โคตรใจเสีย,3028833485915250
540,ETC x DIVA,Rainbowcat₊✩,312581613094002
541,ETC x DIVA,sᴏxɪᴀ,657743237284978
542,EUG,doomdoomgirl (ดูมดูมเกิร์ล),4d24048e6abb9e1c62c0089775759a7f
543,EUG,ชูการ์ฟรี,1370191539930226
544,EUG,SᴜɢᴀʀBᴜɴɴʏ (ชูการ์บันนี่),318006089679986
545,EUG,Bamuary (แบมยัวเอรี่),467072727581810
546,EUG,ppeegust (พีกัส),763137641088114
547,EUNGAOWJING,ρℓσуяᶻツ,450251353949298
548,EUNGAOWJING,filmstm_0107,1272966231032946
549,EUNGAOWJING,ซัพพอตแถมซับน้ำตา,200089977160818
550,EUNGAOWJING,⟡◟ᴵˡᵘᵛᴶ³ᴷ۪´ˎ˗⟡,324350226138226
551,EUNGAOWJING,meilimeow,4642630805947506
552,EVOL,˚₊⸝⸝໒ིྀׅხּ͜͡υnּn֯ყაིྀי˳⁺,154606474822770
553,EVOL,ดีดี้สาวรังสิต,316425340388466
554,EVOL,Aquawasabi`♡ྀི,3206156713657458
555,EVOL,memomeoɯ’♡,278557687481458
556,EVOL,MissUtoo,355166952031346
557,EVOL,YumiYab,3016363048371314
558,EXOTIC,ɪᴀᴍxᴢᴏᴇʏ,1470107511620722
559,EXOTIC,໒꒰ྀིཾᴍᴀɴ͜͡ᴀᴍɪˎˊ˗,397484325274738
560,EXOTIC,Idyllicz,1082599925810290
561,EXOTIC,ํ˳ׂsεñᴏɾıтαׂ˳陽,4680354778776690
562,EXOTIC,Fubuki吹雪,5373424121873522
563,EXOTIC,มาแล้วลูกจ๋าッ,92966043714674
564,EXPLORER / BV,⌕,3317424283911282
565,EXPLORER / BV,V.D.S,3743629256623218
566,EXPLORER / BV,VxVenus,3870375687685234
567,EXPLORER / BV,จะเลียมั้ย૮₍´｡ᵔꈊᵔ｡`₎,3021638073517170
568,EXPLORER / BV,เข็มอุ้ดอี้ดด,351441202119794
569,F1สั่งลุย,ᴅᴇᴍ†ᴄǫ,1066447426225266
570,F1สั่งลุย,nekolnwza55+,3538784817972338
571,F1สั่งลุย,˗ˏˋყᴜr͜͡α⠀!★,3173900234196082
572,F1สั่งลุย,⋆˳ֺ火花★༙₊‧,4235783720600690
573,F1สั่งลุย,DASHI.黒猫,1686527960876146
574,F1สั่งลุย,ซาชิมิ.,3116611276047474
575,FairyFury ?‍♀️,朝木みより,3178386461754482
576,FairyFury ?‍♀️,BK ʕ·ᴥ·ʔ,4430483312280690
577,FairyFury ?‍♀️,saywhimper,2430116521247858
578,FairyFury ?‍♀️,N͜͡VG┊P͜͡ᴜʏɴᴜɴ♡⃛,2947979719935090
579,FairyFury ?‍♀️,ʟᴏʟᴀʙᴜɴɴʏ*:･ﾟ,447836508587122
580,Farytopia Promax,萌小兔ᯓᰔ,3359460538123378
581,Farytopia Promax,Atlerz,3729131795842162
582,Farytopia Promax,mintlovecat_,1668896046384242
583,Farytopia Promax,LIQUEURRUM,3664073241855090
584,Farytopia Promax,Tynoz,3025861704090738
585,FATAL ROSE,Stephaniel,3277959574258802
586,FATAL ROSE,kkamsaiiii,3184233187312754
587,FATAL ROSE,jerrymel,3748456195884146
588,FATAL ROSE,iamdearrr,3060482831484018
589,FATAL ROSE,poikabb,6118532630905970
590,FATALIX,ʟᴇᴇᴋɪᴍˎˊ˗,3316974386087026
591,FATALIX,꒰◦ɢɢᴜɪᴅᴇ◦꒱,3115022540801138
592,FATALIX,꒰◦ɢᴀᴢᴢʏ◦꒱,3151326691394674
593,FATALIX,‧˚໒ིྀოiȶsυriྀིა,4391761363534962
594,FATALIX,˳֯ʚᴀʟᴠɪиx†༙྇˳ֺ,5408994101494898
595,fatblack,ᴀᴋɪᴋᴏ.✿,229054431298674
596,fatblack,chasingchris,4572574721967218
597,fatblack,YαiNhuu♡ྀི,2898882942141554
598,fatblack,ᴅɪᴇ,5176019036341362
599,fatblack,rosarang,2537650355635314
600,FAYKIBRA,•ʚfangflowerɞ•,648096942064754
601,FAYKIBRA,ปวดKE,1609147749696626
602,FAYKIBRA,ׂ˳˖໒ིྀׅĸe͜o֯ι̫wׅ໒꒱⸝˳·,4277575765656690
603,FAYKIBRA,˳ֺmuִmuּ♡ֺྀིpp͟kּ공‌ּ༙྇,2507725774980210
604,FAYKIBRA,Nxpt.,1469873838556274
605,FAYKIBRA,ᴋᴜʀᴏᴍɪ`ᴘᴜɴ♡︎,1542373020730482
606,Felicity,ต๋วยชอบริวแพท,1014569187345522
607,Felicity,porynn⋆｡°✩,3156667483227250
608,Felicity,↼̠֯͜ɴ̶α͜͡ʀι†ֹ༙,3158300241888370
609,Felicity,"Ayo,listen",455401959261298
610,Felicity,Mr.fanboy,905906044994674
611,FIDES,⁺.ᴢᴇɴᴄʜᴏˎˊ˗,778330416809074
612,FIDES,ぷむ,426934244934770
613,FIDES,ɴᴀᴍᴀs͜͡ɪʟ,3336186177455218
614,FIDES,₊‧꒰ʙє͜͡αnnყა♡˚₊,2919795943212146
615,FIDES,suckseez⠀’,1835977521955954
616,FIDES,❅•°ʀᴇᴇɴ°•❅,575108871816306
617,Fierce Furs,『†ɢᴜᴀʀᴅɪᴀɴメ,1402532576560242
618,Fierce Furs,F*uckingteam,2665612665095282
619,Fierce Furs,นุ้บนิ้บดุ๊กดิ๊ก,546850201601138
620,Fierce Furs,ถั่วพูกัดมันเลย!,428640420693106
621,Fierce Furs,♡★ไo๓้าว★♡,894935960323186
622,Fighter Woman,เตยเตยรักฟองดู,1065976187782258
623,Fighter Woman,ปลาดุกฟูสายลับ,2301572914807922
624,Fighter Woman,ตะหน่อง,5312218958857330
625,Fighter Woman,사랑해재현_///,1081110578971538
626,Fighter Woman,นี่คือลิงสายลับ,495631978398834
627,FINS,大奶妈太困了,608664042013810
628,FINS,PerSEPHONE,400691323667570
629,FINS,ขอเล่นอาย่าค่า,154132686242930
630,FINS,˗ˏˋFocus꜆꜄✧‧₊,3500748453381234
631,FINS,♪ྀི͙あい♡༙྇Gα͜ʍe྇ε✿,3566595603629170
632,First Blood,alira,5285434267731058
633,First Blood,-.-จุ๊เมาะ-.-,3500603699561586
634,First Blood,WitchyPurr,1194111436784754
635,First Blood,LALALi;),4987022557250674
636,First Blood,เลนนี้ม่ายยไหว,4249118251877490
637,Flashlight,ʚଓNap͜͡hatcha,4133988432282738
638,Flashlight,MewMew❀,2451792684319858
639,Flashlight,ตัวเปลี่ยนแปลงสมดุล,3756231495976050
640,Flashlight,☆복숭아☆,3747915432658034
641,Flashlight,꒐ꋊ꓄ꋪꄲ꒦ꏂꋪ꓄​V2†,4026531840180736
642,FlowBrain 2,●♡∀♡●,3024780244747378
643,FlowBrain 2,Paeng_13,641286331892850
644,FlowBrain 2,แมวง่วงต่างโลก,187035893826674
645,FlowBrain 2,บาลาบีมบาลาโบ,172136249623666
646,FlowBrain 2,ปลาแซลม่อนสีขาว,3796378098795634
647,Foxy,FX•ɴᴇɴᴇɪ,1614273457620082
648,Foxy,₊˚໒ྀི꒰ℓy͜͡ιєℓყ꒱ྀི১₊‧,3372038953829490
649,Foxy,ส้มตำปูปลาร้าไม่เผ็ด,3361415150896242
650,Foxy,Niwkoyy_,2575280040510578
651,Foxy,ßɐstlαყzヾ,84787620676722
652,Friend Zone Miss Esport,Pøtato_chîps❀,454152459322482
653,Friend Zone Miss Esport,ᴛʜᴇ_ᴀϟʟᴀsᴛᴇʀ,74312665203826
654,Friend Zone Miss Esport,PiXXiEz,967728810886258
655,Friend Zone Miss Esport,ZION,2569099649680498
656,Friend Zone Miss Esport,Saltinesz,1182297055495282
657,FROSTY BU,บลาฟฟฟ,2528598510732402
658,FROSTY BU,เต้าหู้ฟ้า,78165989065842
659,FROSTY BU,wᴀʀᴀᴘʟoʏッ,895227548337266
660,FROSTY BU,หิวหมูกะทะ•,1277176104289394
661,FROSTY BU,♪ᴍᴇʀᴄᴜʀʏ⁂❀,1213399061169266
662,FUKUROU Girl E-Sport,หมีล่วยมามี๊ป๊อกโกะ,2483270029870194
663,FUKUROU Girl E-Sport,ʜᴜʀᴀ,955458559083634
664,FUKUROU Girl E-Sport,ลาลาลูกพีช♡,775631969387634
665,FUKUROU Girl E-Sport,.˳ׂ✿.ʝqƙ͜͡єboo˚ა◌,2036609402995826
666,FUKUROU Girl E-Sport,ᴾᴰᶜ✧ʟᴇᴍᴏɴᴄᴀᴛ,3355963092567154
667,FUKUROU Girl E-Sport,˚.ʚ⁺g͜͡αׅ֯ოྀི먼ˑɞ˚.,432150616933490
668,FUKUROU Girl E-Sport,RR.Snowelle,3616784376857714
669,Funny Fight Gen LADY,˖ペンギン˖,67401123300466
670,Funny Fight Gen LADY,ׂ˳ʚαℓeིྀѕхiα♡₊֯,1357350527239282
671,Funny Fight Gen LADY,ֺ͜ᴊ̷ᴜ༙ʟ͡ɪᴇ†ֺ,1318998348334194
672,Funny Fight Gen LADY,DIANAMEOW,3468564250166386
673,Funny Fight Gen LADY,8February,4999668148929650
674,GAIPU,lnwzaสุดโหด,774851359081586
675,GAIPU,คริสติน่าแซ่เติ๋น,2314163946980466
676,GAIPU,TinyTK,398023410779250
677,GAIPU,UselessNa,377979536606322
678,GAIPU,†ɴɪɢʜᴛ.enzoˎˊ˗,4352547641033842
679,GEEGEEZ,sealion˖⁠♡,3308000051922034
680,GEEGEEZ,ป่าบ่นไรนักหนา,5239479661167730
681,GEEGEEZ,ᴺᵃⁿᵃˢᵉ,2768099711583346
682,GEEGEEZ,jeanies,3455501375571058
683,GEEGEEZ,ʜᴏ,2265022676010098
684,Genésis,⁺८˳sɛdɛℓּnყིྀxׂ⁺˳,4239069840344178
685,Genésis,เด๋อสาขา2,3738540861228146
686,Genésis,ลันซูลาวฟูเล่อวู,403761339269
687,Genésis,ׂ ˳ʚׅხּხყ֯ოʝ໒꒱ིྀ₊˚,3765233680319602
688,Genésis,กล้วยปิ้ง,566872399610994
689,Genésis,Sos!!,411312019282
690,GenWhy,ᴡᴅ³ʀ.เสื้อฝน,1056508670575730
691,GenWhy,1AwayG,92359916455026
692,GenWhy,⇀ʙɴᴇ͜͡ʀ༙྇ᴘᴢ`⁺ϟ༙͟͟͞͞,805044173866098
693,GenWhy,pannoz.,635284987511922
694,GenWhy,Mintraf,2753048468456562
695,GG girls 1,(lodchong),5077334176760946
696,GG girls 1,Rakraomai,2245637005575282
697,GG girls 1,A-nizzaa,1067055768077426
698,GG girls 1,jlejyjyyyjjy,3338364732507250
699,GG girls 1,ครีมเพื่อนครีป。,2404506570785906
700,GG Later.,Nicasio_M,401638632391794
701,GG Later.,IPA,2739333698356338
702,GG Later.,kubtengg_ii,956149511947378
703,GG Later.,mindwh,1110730082550898
704,GG Later.,09:01A.M.,2995266303231090
705,GIGGLE,MREZ,4163397818188914
706,GIGGLE,พู่ริศาคิม,854029416727666
707,GIGGLE,KSOCOOL,2088759231448178
708,GIGGLE,sïerra,754346581230706
709,GIGGLE,貓貓,399690529178738
710,GIRL RAZES,Sig.Razer,5883775825413234
711,GIRL RAZES,ยิงทีเสวปิ๊ห์,114426921550962
712,GIRL RAZES,แมวส้มมันแสบ シ,3284963189523570
713,GIRL RAZES,แมวส้มตัวอ้วน-`ღ´-,3609108330775666
714,GIRL RAZES,โรนัลโด้วววว,5067545476531314
715,Girlsonly,ʀɪᴛᴀᴠᴀɴᴇ,899174891717746
716,Girlsonly,˳ּ✿ྀིellìəִ֯엘꒱ྀི˳·,2007955931333746
717,Girlsonly,珍露,2885294336705650
718,Girlsonly,˚.꒷ωαуηє་˖｡,3095073155908722
719,Girlsonly,໒꒰っ´༥’ς꒱˳˚тυk͜͡тα,2369203952878706
720,Girlygloryในเสื้อปุ๋ย,วานด้าพลังใบ,1837442911110258
721,Girlygloryในเสื้อปุ๋ย,‧˚♡αℓεנαη∂яα˚‧,2996543116477554
722,Girlygloryในเสื้อปุ๋ย,‎ˋ˖᮫࣭｡⋆˚⚝.݁☆˖⊹˚:ˎ✩⋰,911819610981490
723,Girlygloryในเสื้อปุ๋ย,mililynn,4085496775115890
724,Girlygloryในเสื้อปุ๋ย,ᴍᴅ•ʀᴀᴘʜᴀᴇʟ︎¤,1175346523341938
725,GKL ไก่ขึ้นลาน,Heartone,3061249214710898
726,GKL ไก่ขึ้นลาน,กุญแจรถอยู่ในบ้าน.,5330412641649778
727,GKL ไก่ขึ้นลาน,HimeMiko,134898748949618
728,GKL ไก่ขึ้นลาน,พีนัทบัตเตอร์แบร์,1047544872502386
729,GKL ไก่ขึ้นลาน,Raindoll,150246277710962
730,GKL ไก่ขึ้นลาน,KyuriTK,368800453297266
731,GLORY E-SPORTS,missedme?,2641339925857394
732,GLORY E-SPORTS,misschuumuch,483213818659954
733,GLORY E-SPORTS,ׂ˳†༙྇ᴢ֯͢ᴇɴʏּׅᴏ͜★༙྇₊֯,741657570116722
734,GLORY E-SPORTS,kuwaribibi`♡ྀི,2478538787849330
735,GLORY E-SPORTS,Ｅｎｉｇｍａ,1040497972020338
736,GLORY E-SPORTS,จูดี้โมโหโมโห,666573824263282
737,GLORY E-SPORTS,Nayw,3454929205396594
738,Glory Queen,ᴶᵁᴸᴵᴱ,285067448616050
739,Glory Queen,֯₊⸝໒ིྀׅαng֯eℓi۪c໒꒱ིྀﾟ·,1714930915148914
740,Glory Queen,ᴛɪɴɢᴛɪɴɢღ,713232872572018
741,Glory Queen,§ᴘʀᴀɴᴘʏᴀ*,837650424726642
742,Glory Queen,ไดฟุกุสตอเบอรี่,3188460307547250
743,Glory Queen,bxiiw0n,3118449253614706
744,Grean Guerl,มะมะมุเด้ง•ᴥ•,320676150051954
745,Grean Guerl,fernione,2461552594846834
746,Grean Guerl,คุณเพลงขวัญครับ,970551611032690
747,Grean Guerl,ペンシルゴン,378378431693938
748,Grean Guerl,.˚ℓє͜͡ყℓα♡ིྀ˳‧₊,1687537412408434
749,Grean Guerl,อีเรียม-♡,5759121110533234
750,Groupgrob,Binny,203301471847538
751,Groupgrob,Kacchan_999,3627164104852594
752,Groupgrob,✿.ʏᴜʀɪツ,103528442037362
753,Groupgrob,ดรีมเวิลด์,449777498260594
754,Groupgrob,PIKAKEG,2672162288895090
755,Groupgrob,เปลี่ยนชื่อหาแป๊ะด้,3346542551565426
756,GSK (Girl So Kiss),supersadcat,6120209480090738
757,GSK (Girl So Kiss),วานรแห่งสยาม,6121813851702386
758,GSK (Girl So Kiss),유중혁1864,6120212164445298
759,GSK (Girl So Kiss),ᴀᴄʜɪʀɪɴ°×,3887857144104050
760,GSK (Girl So Kiss),RakLoren,6121837272695922
761,GSK (Girl So Kiss),Peachyko,6122009541149810
762,GSTxMR,m3irnx,3549079988798578
763,GSTxMR,❀⁑ᴘᴇᴏɴʏ⁑❀,3023352570774642
764,GSTxMR,G._.fyy,1026330082870386
765,GSTxMR,ғᴇɴʏxᴛʀᴇᴀ,716511878775922
766,GSTxMR,PL4y,4720997181883506
767,Gurlz on Call,^mhoobibiྀིྀིྀིྀིྀི^,4026531840279285
768,Gurlz on Call,NongRyo♡,530654618125426
769,Gurlz on Call,imnotyaye,560621007602802
770,Gurlz on Call,ImGiselle,2872038658344050
771,Gurlz on Call,₊˚ɴσngnαɴ✿´ˎ,989230222476402
772,HAVOC HAVOC,ʕ⁠•⁠ᴥ⁠•⁠ʔ⁠,UID 3337821217817714
773,HAVOC HAVOC,ミント___,UID 3257958582649970
774,HAVOC HAVOC,เรียกวอรอสิ,UID 3679439896642674
775,HAVOC HAVOC,火凤,UID 3115480357471346
776,HAVOC HAVOC,‧˳໒ིྀ͜͡αsρִh۫σძִel♡˳‧,UID 3381130929833074
777,HAVOC HAVOC,Cornerstone!,UID 3494056223245426
778,heartseeker,༄Suɴfyre࿐,2013233640834162
779,heartseeker,ฮานามุ,3179192439211122
780,heartseeker,❀SugarCane❀,1284905904571506
781,heartseeker,Cucumber_TK,3792704828015730
782,heartseeker,OH_SEKO,390334412686450
783,Hello Pudding,เฟื่องฟ้าแต้มฟรีCov,2184608875742322
784,Hello Pudding,ℓℓbarbie`♡ྀིིྀ,1465359962145906
785,Hello Pudding,bbopsa,805466020185202
786,Hello Pudding,⇀†༙྇ׄ༏ყ͜͡υ༙྇kiִshirׄα༏†༙྇ׄ,660267000333426
787,Hello Pudding,ʙᴇʀᴇᴛᴛᴀ,358336436569202
788,HEXA,ERIKA,820240103703666
789,HEXA,กิมเล้งตึ๋งแหน๋ด,76761400542322
790,HEXA,ᵎᵎᛝピー⁺⑅♡,3466387507053682
791,HEXA,แมวอ้วน>.<.,1538843564246130
792,HEXA,"15†༙ׅ྇֯s(hi)༙ׅch*""i྇྇",1778233565709426
793,HIA! HUENG (เฮียหึง),erinรักหนุ่มตี๋,387810783855730
794,HIA! HUENG (เฮียหึง),เปี๊ยกแม่วอนบินจ๊ะ,559967031723122
795,HIA! HUENG (เฮียหึง),MERCAKOJER,496451914499186
796,HIA! HUENG (เฮียหึง),sɪɴᴅᴇʀᴇʟᴀ•ﻌ•,2664980432487538
797,HIA! HUENG (เฮียหึง),Eloise`,93308366029938
798,Himesama,✿sᴇ_ฮอว์คมารุ✿,3255972630037618
799,Himesama,m๋uu,3428365973521522
800,Himesama,ดีดี้ไม่ฟัง,1855369433515122
801,Himesama,หน่วยสำรวจรีไวล์,266510505542770
802,Himesama,สารวัตรสไบ,2763254116058226
803,Himesama,Hedhma,286385332487282
804,HIVE,Ariadne.Lily,409145765463154
805,HIVE,małinda,397847317120114
806,HIVE,Meowwvy,2694691539846258
807,HIVE,ᴢᴇɴsᴀɴᴏ,4703197562340466
808,HIVE,--Lauraine--,2412075108467826
809,HIVE,BAlE,3515447442080882
810,HIVE,Chiicha,2470993738269810
811,HOLY PIXEL,อามิตาพุทธนะโยม,901795291530354
812,HOLY PIXEL,༘˖◦´ᴀᴘᴇʀɪʀᴇ˖˖˖˖,1448674148418674
813,HOLY PIXEL,sasha桜✿,2959925768815730
814,HOLY PIXEL,Sʞÿl!иǝ,3593684633453682
815,HOLY PIXEL,ด้oJllด้J,3683789557662834
816,Honey Toast,staywithsoiue`,371107588932722
817,Honey Toast,ׂ˳·^ིྀαּׅnα̫ѕׂȶα۪ѕi͜͡αაིྀ⸝˳·,3906495557338226
818,Honey Toast,เมะสุดในใต้หล้า,2728900685923442
819,Honey Toast,ผู้รักษาประตูไรมง,3181727744984178
820,Honey Toast,ราชาโมทอส&อันเลน,4077233996235890
821,I god Meow,มันนี่โนมันนี่,2962666897474674
822,I god Meow,֯⁎⸝໒ིྀׅო͜͡eძѕּׂ̫αi͜✿ིྀ₊֯,146494556669042
823,I god Meow,baby mew,3759296894665842
824,I god Meow,NASUIMI,1901821987849330
825,I god Meow,Aor.aor.bor,395661514310770
826,i miss u saurus,ʟᴇᴍᴏɴsᴇɴsᴇɪ,388975995061362
827,i miss u saurus,chickung,223385745556594
828,i miss u saurus,ผีม๋าตุ๋น,393353841804402
829,i miss u saurus,รำแก้บนถวาย,256235131831410
830,i miss u saurus,ʝʝитɔ˙꒳˙,369995662165106
831,i miss u saurus,คันเขี้ยว,220331151393906
832,I'm lady,(̵̵́·͈ᴥ·͈)̵̵̀-̵̵̀ρσпძ-̵̵̀(•ᴥ•)้,614270987601010
833,I'm lady,เล่นดีๆเดี๋ยวให้จุ้บ,348722085168242
834,I'm lady,tenlee♡,287525646304370
835,I'm lady,CynthiaRose~,686903045325938
836,I'm lady,-PUMPKIN-,262233053660274
837,ILHP (I Love Hotpot),TuesDay[M],454283657151602
838,ILHP (I Love Hotpot),E-กระดาษ(x3x),454456999347314
839,ILHP (I Love Hotpot),MongNaJae,240466293621874
840,ILHP (I Love Hotpot),ChickenA.,5189486174733426
841,ILHP (I Love Hotpot),ThursDay[M],773250342913138
842,ILHP (I Love Hotpot),Fiuliu,5381740185191538
843,ILHP (I Love Hotpot),cat_tarin,2763591136773234
844,J Mung Suea PM,babykoaila,645654716286066
845,J Mung Suea PM,ᴄᴊʀ•ʟᴇɪᴢɪʏʏ,378439030998130
846,J Mung Suea PM,yingko,1646731465000050
847,J Mung Suea PM,เจ้าหมีน้อยน่ารัก,891453547152498
848,J Mung Suea PM,อิอ้^_^,373831940375666
849,J Mung Suea PM,ก้ามปูดองน้ำปลา,3427395646456946
850,J Mung Suea PM,Krukrii,956096093291634
851,JAKKARU E-SPORTS,รอปิ่นแปป,522018713961586
852,JAKKARU E-SPORTS,JUDY,259976987870322
853,JAKKARU E-SPORTS,qzxnight,1056503368975474
854,JAKKARU E-SPORTS,เขี้ยวกุด..,1349803061740658
855,JAKKARU E-SPORTS,ม๋าลุกชิ้น,3673543980287090
856,JAPE X,*.B͜͡iBle˚༘♡,3084928711591026
857,JAPE X,Bunnyyy,1600774509626482
858,JAPE X,rqmii,2012190366434418
859,JAPE X,₊˚dor͜͡sle໒꒱ˎˊ˗,1996497965220978
860,JAPE X,คลั่งรักเธอ:),3004106553885810
861,Jelly 5,ᨳ⋆ba͜͡beᱸ.ིྀ?ﾟ.,2225330668635250
862,Jelly 5,アイスー,483081479980146
863,Jelly 5,ʀᴏʀxᴡxɴ:),1149200305947762
864,Jelly 5,◊⋄bαbɪbყαh❀,3310197934326898
865,Jelly 5,อยากกินชาไทย,ㅤ 2422326792750194
866,JINGJANGKRUB,รู้จักนกอ้วนม้ายย,407518107075698
867,JINGJANGKRUB,†ᴍᴀʀᴛɪɴɴᴇᴇ,553942736110706
868,JINGJANGKRUB,ᴀsɪᴀlnᴡᴢᴀ,2563993537545330
869,JINGJANGKRUB,ɪᴍʏᴏᴜʀᴍᴇᴏᴡx,2277260178687090
870,JINGJANGKRUB,ซอยให้เทอเหลียว,2892048776758386
871,JINGJANGKRUB,⋆?₊˚ᴶᵁᴴᴼᴼᴺ˚₊?⋆‬♡,530312832681074
872,K9,yy !,434403729933426
873,K9,โรลอันปุน,835345503683698
874,K9,꒰พูพี꒱,4730359002629234
875,K9,PRX.Yumi,5343878504973426
876,K9,รักแจหะเหมือนควาE,277395227739250
877,Kamphaeng Esports,ˢ²ʸ┊†ׅᴊᴀ͜ʏ͡ᴅ֯ᴇ͢ɴs͜★,2959552509314162
878,Kamphaeng Esports,RATIORINE,3463538869994610
879,Kamphaeng Esports,WanidaTvT★,5195385110987890
880,Kamphaeng Esports,૮ciiseyིྀ݂`,5677318693651570
881,Kamphaeng Esports,ชอบกินไข่เจียว,1754330126550130
882,Kamphaeng Esports,rayunelz',5383852570903666
883,Kamphaeng Esports,กูตำนานมึงตำลึง,3463633761928306
884,Kaneki Ken,⋆ᴋᴀᴇᴍ❀.:=͟͟͞♡,4819470178780274
885,Kaneki Ken,ใหัทายว่าใคร,3848917359985778
886,Kaneki Ken,ᴍᴇɪ.梅,4650339466937458
887,Kaneki Ken,˚₊‧bu͜͡nnyˊ˗₊˚,3400889322898546
888,Kaneki Ken,Baronมากู้ศรัทธา,2993567241012338
889,Kangmoo,หมุตุ๋นเด้อห์,5052320622773362
890,Kangmoo,หมุกรอบเด้อห์,3555000668324978
891,Kangmoo,หมุอ้วนเด้อห์,3494101991490674
892,Kangmoo,หมูเด้งเด้อห์,2799376200303730
893,Kangmoo,luxuna,5163668388119666
894,"Kid mai ook, diao bok wan lang",AwayFromU,187660677350514
895,"Kid mai ook, diao bok wan lang",sasuke-chan,3577939484673138
896,"Kid mai ook, diao bok wan lang",dzxrv!,2029588003882098
897,"Kid mai ook, diao bok wan lang",֯₊໒ིྀȶofυ♡ིྀﾟ·,3310637161841778
898,"Kid mai ook, diao bok wan lang",Itnxctisz,1924798854923378
899,Kinetic Potential,₊‧꒰აCookie໒꒱,374136413291634
900,Kinetic Potential,ʜʏ̈ᴘεɴ͜͡ʜᴜʜ۫۰۪,2058943568479346
901,Kinetic Potential,ツ B L A C K 么 C A T,426501996741746
902,Kinetic Potential,อีสมารูอืด,324664228512882
903,Kinetic Potential,พี่รุมหนูสวนนะคะ,3306572243731570
904,Kinetic Potential,ปลาโมลาโมลา,728754548835442
905,Kirei Desu,Jimmyex.´ˎ˗,135244024054898
906,Kirei Desu,ก้มลงแล้วกราบค่ะ,1051880641987698
907,Kirei Desu,小猫☆好爱爱°,1810082895692914
908,Kirei Desu,สมดุ๋y,3554077250356338
909,Kirei Desu,Vegass.,81033685042290
910,KISMET (KSM),PPEEKHUNN,3537306678133874
911,KISMET (KSM),FRIED.CHICKEN,3049600256771186
912,KISMET (KSM),Mominnion,167870407574642
913,KISMET (KSM),BabyDoll,212063607784562
914,KISMET (KSM),lookrat,121898419815538
915,Kiss n tell,지지야,3051357770810482
916,Kiss n tell,ɴᴜᴜᴊɪɪ,3342921894134898
917,Kiss n tell,อิ้นบ้อก,4592279226614898
918,Kiss n tell,Hanaippai,1636127996052594
919,Kiss n tell,maxvalue,3083835977958514
920,KITTY CLAW,ต้าวน้อนนุ่มนิ่ม♡,1427935764612210
921,KITTY CLAW,•น้องเปิ้ลน่ารัก•,310892013225074
922,KITTY CLAW,Sallyx.,325721260229746
923,KITTY CLAW,บักกิ้งกบヅ,179173083776114
924,KITTY CLAW,ɪᴛѕᴄᴏℓd,278993760879730
925,Kitty Kawaii,bellosatur,645233473946738
926,Kitty Kawaii,ᴍᴇᴏᴡsᴀᴍsᴇツ,638487086957682
927,Kitty Kawaii,luvchocmint,508712636843122
928,Kitty Kawaii,payuhimo,456006408799346
929,Kitty Kawaii,•.•KITKATZ•.•,809832592639090
930,Kitty Kawaii,•.•Oreoz•.•,267660751471730
931,KKU eSports,ᴢɪʀᴄᴏɴ,336147159123058
932,KKU eSports,Pennypoda,549828425876594
933,KKU eSports,tyℓa,4503754917479538
934,KKU eSports,Ksmndenjesjsn,338783061083250
935,KKU eSports,bellenedy,1608689127720050
936,KKU eSports,꒰sunshine꒱,573616370680946
937,KKU eSports,Margheríta,256326735430770
938,KOKI MUMI,.˚˖ּ♡ྀིmּ֯or༷m͜͡iexཾ☆,4465093769364594
939,KOKI MUMI,byeya,518105327666290
940,KOKI MUMI,น้องบีบีชอบแมว,4289416722056306
941,KOKI MUMI,ttwumhk,1390263734043762
942,KOKI MUMI,ᴍᴏɴᴀ,71554759328882
943,KOTORI ESPORTS,₊‧꒰ʟɪɢʜᴛfᴜʀʏ໒꒱‧✧˚,2639537247552626
944,KOTORI ESPORTS,Zexintameow`,93563782366322
945,KOTORI ESPORTS,อิคคิวซังเองโบร๋,4843011834053746
946,KOTORI ESPORTS,ᴋʜᴏɴᴘʀxᴅ,1915779423601778
947,KOTORI ESPORTS,KBE.Marin,3169241738183794
948,KUNCHORN E-Sport,ท่านเทพหงส์น้อย,684966954599538
949,KUNCHORN E-Sport,❥Ňewclear,778452957594738
950,KUNCHORN E-Sport,ทางสายกลางO⁠_⁠o,240247787160690
951,KUNCHORN E-Sport,B_Toey.,4597862348555378
952,KUNCHORN E-Sport,DSAI25,3576394839950450
953,KUROBUTA PREMiUM,อัศวินขี้แงง,2107618969715826
954,KUROBUTA PREMiUM,Eæ.Täoħu,515423321916530
955,KUROBUTA PREMiUM,ᴋᴀᴡᴀɪɪ•♡,494960755541106
956,KUROBUTA PREMiUM,Layla?,4403756334777458
957,KUROBUTA PREMiUM,mightgolem,5169204064093298
958,Kuromisanrio67,illustration,5846224859235442
959,Kuromisanrio67,chasha.,133151636784242
960,Kuromisanrio67,Ongf͜͡ong♡,3699073198785650
961,Kuromisanrio67,ReSpectMyFkN,1056789319844978
962,Kuromisanrio67,ᴸᵒᵛᵉʸᵒᵘˢᵒ.ྀི,502974426317938
963,Lady Ignition,TARMIIZ,854171284866162
964,Lady Ignition,That’sXX,251336654521458
965,Lady Ignition,Wallenstein.g,182170366968946
966,Lady Ignition,ᴀᴏᴛᴏᴋᴜɴ,2872422789481586
967,Lady Ignition,รับเหมาถอนฟัน^.^,3115318893544562
968,Last Light,мαℓιнσм♡,2568034699117682
969,Last Light,luna0mphz,2757522213766258
970,Last Light,໒꒰ྀི₊˚ᴀᴛʜᴇ͜͡ɴᴀˎˊ˗,3603282073420914
971,Last Light,周平,2963512804705394
972,Last Light,˚ɞ․=͟͟͞ʙαʙʏ͜ᴋᴛᴛʏˎˊ˗,3461023428445298
973,LAST ONE,ꜱɪʀʀᴇɴᴇ,3384166599296114
974,LAST ONE,Xeaux_bz.,3550296135631986
975,LAST ONE,!จ่าตี๋!,5173885041575026
976,LAST ONE,♡อย่าบู้บี้♡,1463056584606834
977,LAST ONE,✿Roserosie✿,2996594790302834
978,Last Star,ᴀʟɪᴢx,3666154891707506
979,Last Star,•♬•EVELYN•♬•,2295591904412786
980,Last Star,lanu`,3377831186990194
981,Last Star,ׂ₊י⸝sρ͜͡хּαׅoყ☆₊ׂ,2676085137540210
982,Last Star,ʚ.ֺ˳soׅℓֺℓּ͜αྀིeׅɾi.ֺ˳ɞ,599496367211634
983,Lavender Mood,ʀɨʀɪྀིᴋᴀ͜͡♡˚໒꒱,216056987845746
984,Lavender Mood,aaeyy,237401901565042
985,Lavender Mood,ᴇɢ•ʟᴜᴍɪɴᴏᴜs,432324831544434
986,Lavender Mood,ׂ˳^ིྀzυɾi즙໒̫꒱ིྀ₊֯,341884631450738
987,Lavender Mood,↼†༙྇ᴘ͜͡ʟᴏʏ★༙྇༏˳⁎,344487650067570
988,Lazy MeaowaMeaow,✰.❨Milk❩.✰✓,4801991004062834
989,Lazy MeaowaMeaow,กล้วยหอมจอมชนนน,4026531840284707
990,Lazy MeaowaMeaow,Idiota✞,4742543489303666
991,Lazy MeaowaMeaow,ᴄᴀᴍᴇʟʟɪᴀ.❀,5760708033840242
992,Lazy MeaowaMeaow,꒰აωιɳte͜͡ɾ໒,4653088178898034
993,Lazy MeaowaMeaow,H.a.Four,5304947512116338
994,LAที่ไม่ใช่ร้อยเอ็ด,BrownieChoc,1009755938292850
995,LAที่ไม่ใช่ร้อยเอ็ด,เบบี้แครอทปิ๊บๆ,350886748685426
996,LAที่ไม่ใช่ร้อยเอ็ด,portgasaye,1247200252462194
997,LAที่ไม่ใช่ร้อยเอ็ด,Xinnyyy,1725999649850482
998,LAที่ไม่ใช่ร้อยเอ็ด,Praewza~,942689419986034
999,Lenmeldyy,QIXIN,3446586768295026
1000,Lenmeldyy,ชูก้ากัมมี่~,1202178459108466
1001,Lenmeldyy,ชูก้าไรเดอร์~,2993053925311602
1002,Lenmeldyy,ชูก้าปิ๊ดปี๋~,223934830281842
1003,Lenmeldyy,hrtflickerr,5462360278107250
1004,Lenmeldyy,Get;,306662477071474
1005,Lenmeldyy,veirdo,203003575600242
1006,leonel,คุณหนูน้องลูกเกวนนี่,1635948748276850
1007,leonel,『淑柔』,375464296383602
1008,leonel,‧⁺˳ᴅᴇs͜͡ᴛɪɴʏ❀˚,92898129544306
1009,leonel,ตัวเปิดFirstblood!,135909341332594
1010,leonel,权权666,2872343198368882
1011,LiL' CATS,✧༺CHER༻✧,3438604974228594
1012,LiL' CATS,zinnnnonuma,1313548504597618
1013,LiL' CATS,Lil’_SkyX,483309851444338
1014,LiL' CATS,Lil’_Double.b♡,636174179959922
1015,LiL' CATS,˚₊‧nxn‧₊˚,5227877813650546
1016,Lilpom,Mikasachan,391969654375538
1017,Lilpom,Txng88,415833633522802
1018,Lilpom,BeniBeni,392013946225778
1019,Lilpom,PannitaKongt,4843860962509938
1020,Lilpom,LeraaGladys7,5784428131583090
1021,LITTLE - CHICKEN,ᱸ₊°אאƈȶ❀ᱸ₊°,119471092204658
1022,LITTLE - CHICKEN,‧*･༓☾花☽༓･*♡,260332664849522
1023,LITTLE - CHICKEN,ᴀʀɪʀɪᴀᴢ‧₊˚,1038586644464754
1024,LITTLE - CHICKEN,Xian Tan.,1287211563811954
1025,LITTLE - CHICKEN,ยูนิคอร์นขี่ม้าโพนี่♡,3853049051415666
1026,Little Devil,LaLina~,686277590713458
1027,Little Devil,֯₊໒ིྀׅოּ͜͡αrყּׂაིྀ⁎֯,443025071473778
1028,Little Devil,SmileMelody★,4136126118036594
1029,Little Devil,이개잧갵은,1107469262849138
1030,Little Devil,llพsวๅ,2266202315621490
1031,littleglass,caspercaspy’,5602068450706546
1032,littleglass,sh4wtydontcry,3355789414827122
1033,littleglass,เค้าชอบเมนออฟ,70939840808050
1034,littleglass,<b><color=#fcc>.°ʚƒɾe<color=#ffc>yα✿ˎˊ</a></a></b>,2757691663647858
1035,littleglass,ׂѕωz͜͡nིྀყּ제,980717865731186
1036,littleglass,̶E̶l̶y̶r̶╬,3266127811773554
1037,LML-LIMITLESS,⊹˚ʟγxᴇʀ͜͡ᴀ˚⊹,1796842719478898
1038,LML-LIMITLESS,༒ØhJäBåå༒,3301515993482354
1039,LML-LIMITLESS,A•E•I•LOVE•U,5331595435377778
1040,LML-LIMITLESS,ʚ♡OhJaBaa♡ɞ,3133362789352562
1041,LML-LIMITLESS,°○♡YUKI♡○°,1602009178506354
1042,LML-LIMITLESS,‎₊·͟͟͞͞➳❥Cͨhͪaͣrͬoͦnᰔᩚ,4611016692532338
1043,LNFINITY,วาอย่าอ้วนให้มาก,3639938142897266
1044,LNFINITY,•natnicha,5207908027663474
1045,LNFINITY,໒ྀི꒰αɴ͜͡ყïє꒱ྀི১,107292041348210
1046,LNFINITY,⠀p1,5006437017388146
1047,LNFINITY,ไนท์กี้ซี่ดาก,3640811497653362
1048,LNFINITY,Furatto,5150214000411762
1049,Load Game Pap,MindärlinG♡,241040812606578
1050,Load Game Pap,พริกเเกงไม่เผ็ด,763122340267122
1051,Load Game Pap,Whalelala~,235104429606002
1052,Load Game Pap,Cherimyst.,2389267355731058
1053,Load Game Pap,ʜᴀʀᴜ',388315442513010
1054,Log,ﾟʏᴏşʜɪᴅᴀ༉ ˳,3153537056048242
1055,Log,อยากดาวลบมาซบพี่,4748268210947186
1056,Log,₊˚кαr͜͡ɪηαྀིა̼,3574586524501106
1057,Log,αϙυιʅα✭⠊٭,3454456960320626
1058,Log,✿݁˖แม๋วอ้บ୧݁˖︎˙Ⱉ˙ྀི,3695640110630002
1059,Luca,Jahzai,2382999589160050
1060,Luca,ˢᵘᵐᵐᵉʳᵗⁱᵐᵉˢ,1491975874479218
1061,Luca,ı̣ɹʎnʞuǝd,3088928668320882
1062,Luca,notforradio,545985906541682
1063,Luca,Dantèbaroneta,3263745312883826
1064,Luckygirl,`ᴍᴀ͜͡ɢᴇ✧ˎˊ˗,3571946528900210
1065,Luckygirl,ชาริน✿,3231082824795250
1066,Luckygirl,น้องหนึ่ง888,3703971072115826
1067,Luckygirl,อีงูพิษ*,502973553902706
1068,Luckygirl,KI͜͡Tˎˊ˗,4821079449338994
1069,LUMÉRA,Lalalin♡.,4696858324829298
1070,LUMÉRA,⁎ˑ^ྀིα֯ρ͜͡яιℓ͙ιх⸝໒꒱ྀི˚˖,3278644822869106
1071,LUMÉRA,นีโม่ตัวตึง,3787278472381554
1072,LUMÉRA,₊˚ʍɛ͡ʟʟo͜ʍo.★,1229006502560882
1073,LUMÉRA,margiela`♡ྀི,3131302681445490
1074,LUMÉRA,bokbebnoi,406811316520050
1075,Lunar Girl,★彡[ᴊᴀɴ-ᴜ]彡★,786695738033266
1076,Lunar Girl,°˖ᴀʀɪᴇs⌯,255968709641330
1077,Lunar Girl,น้อนมวยFF,2513190852428914
1078,Lunar Girl,โหล๋โบ๋โก๋อยู่นี่♧,3779457806697586
1079,Lunar Girl,꘎♡-ᴋɪᴍᴍʏ-♡꘎,5329944557323378
1080,LUNAR VIPER,หนูขออาย่าาาา,5765562756170866
1081,LUNAR VIPER,หลงรักนางพญาค้าบ,3517147309606002
1082,LUNAR VIPER,jee_n,5428397958431858
1083,LUNAR VIPER,Iloveแมวต้นฝน;),5470447365981298
1084,LUNAR VIPER,อยากโอมหรรม,487992184378482
1085,LUNE,PiXels!!01,449993253258354
1086,LUNE,꒰ঌʏᴜᴋɪɴᴀ໒꒱,1245459851183218
1087,LUNE,dоωиρoυя,568529518789746
1088,LUNE,BBugbunny,322198447522930
1089,LUNE,จาจ่าจ้าจ๊า”จ๋า”,292311649158258
1090,LUNYX,rio`♡ིྀ,5233090092008562
1091,LUNYX,โซอี้รักแมว!,4142696075822194
1092,LUNYX,ׂ˳˟གׅᴠᴇɴ͜ᴢ֯͡ᴄ۪★༙྇⁺ׅ,4334267253589106
1093,LUNYX,(⁠づ⁠￣⁠⁠³⁠￣⁠)⁠づ✿,4026531840013531
1094,LUNYX,sekii,3144067458466930
1095,LUNYX VALKYRIE,fxngq1ng,764259432858738
1096,LUNYX VALKYRIE,Rosarin:),998584392811634
1097,LUNYX VALKYRIE,ʙᴀʙʏᴍᴏᴊɪ.,651922013095026
1098,LUNYX VALKYRIE,ᴀʀɪ♡ˎˊ˗,834151100122226
1099,LUNYX VALKYRIE,ɪᴢ͡ᴜ͜ᴍɪ✮´ˎ˗,2758606156137586
1100,Luvcat,໒ྀི꒰bαbყbᴏ͜͡o꒱ྀི১❀,2974032521790578
1101,Luvcat,ׂ˳バׅhּ͜͡αིྀe֯ɾiּnּ۪♡ׂׅ̊,4310394281854066
1102,Luvcat,♡αʟɛx͙cσղƨa͜͡nı˖˚✦,2353087020991602
1103,Luvcat,Ch3rrlynz,3366606491288690
1104,Luvcat,lg:nus28,3182918591775858
1105,LYRA,มะงื้อ.,395651246654578
1106,LYRA,フォーモト,2882561126892658
1107,LYRA,⇀ׂ˳ʜᴀɴɴɪ★ˋ,5429833886794866
1108,LYRA,"~""•เงอะงะ•""~",3270115621799026
1109,LYRA,Meesupravee,3229417853879410
1110,LZY,หลินหลง,1553518460863602
1111,LZY,พะแอ้ว,3474065566401650
1112,LZY,18Juné,3005927955563634
1113,LZY,fluttershine`,3243033101534322
1114,LZY,แพนรักแมวอ้วนน,3848467864814706
1115,LZY,แฟนมินจีตัวจริง,1098005637956722
1116,ma ao suea,ɴᴇᴋö><,540982202532978
1117,ma ao suea,EqualiZer,1322561359250546
1118,ma ao suea,จีจี้ไปหยิกกีมันค่าา,391904290342002
1119,ma ao suea,meeeeeeeean,1871439724741746
1120,ma ao suea,ɴᴀᴍᴋʜᴀᴇɴɢ,1636007535641714
1121,ma aww,Sleepless:),563901020439666
1122,ma aww,ᴋʜᴀᴏᴘᴀᴅ,116767678727282
1123,ma aww,EAoisixseven,505473895957618
1124,ma aww,ざけんなよ,390007860954226
1125,ma aww,⌯ᴛᴜʀɴɪɴɢᴘᴏɪɴᴛ⌯,390413534037106
1126,ma doen len v.2,Smile :),1638393993954418
1127,ma doen len v.2,ㅤหมาขี้ㅤ,2435763396609138
1128,ma doen len v.2,กระต่ายฟอร่า,2858413075924082
1129,ma doen len v.2,李娟明,2484544829850738
1130,ma doen len v.2,ARESIDAE,691293307208818
1131,Madmamas,ϝɾσʂƒɾα,1023539293652082
1132,Madmamas,G4I3﹏,412511811863666
1133,Madmamas,Bbillbillstㅠㅅㅠ,509635182396530
1134,Madmamas,คิมเบเบ้,621720004396146
1135,Madmamas,‧₊˚໒ωenძყაྀི˳*,394495967560818
1136,Madmamas,หรอยแรงแกงนัวนิ,315714321974386
1137,Maewpeesat,m.maree._.54,5702499013166194
1138,Maewpeesat,⁺˳ֺɾִ۫σ͜υִིྀ༙྇eֺi͟♡︎˖˳ֺ,4393815028991090
1139,Maewpeesat,納沃諾,5281545241953394
1140,Maewpeesat,-`‚✿.°vi͜͡ola°༊.ˎˊ˗,4067495896089714
1141,Maewpeesat,rosebery,825441845970034
1142,Magic Friends​ V2​,Ayaneluvcat:3​,3065881739592818
1143,Magic Friends​ V2​,MiO,2615545358910578
1144,Magic Friends​ V2​,sɪʟʟʏᴄᴏᴏʟ,5201941177238642
1145,Magic Friends​ V2​,↼˳sᴄׅᴀ͜͡ʀʟ̶ᴇ̶͢ᴛ̶́ᴛ̶ּ♡,2932527903999090
1146,Magic Friends​ V2​,ไม่มีวันไหนไม่รักเธอ,3438816434259058
1147,Maihodteadaimod,✿⁺꒰I-tim꒱₊˚⋆✩,3650016820528242
1148,Maihodteadaimod,ouO?,1084093366469746
1149,Maihodteadaimod,เก็บปากไว้แดกขี้กู,2898115082519666
1150,Maihodteadaimod,ʀᴀᴅɪᴜꜱ..εїз,3211620046275698
1151,Maihodteadaimod,OAA.Nami,2309786368672882
1152,MANIAC,Eieiii.,2170523329168498
1153,MANIAC,sugaringcandy,266427693204594
1154,MANIAC,marchiii,2679424340395122
1155,MANIAC,<i><b><color=#fcf>Ln<color=#>e͜͡ta.</a>✿</a></b></i>,2669731740058738
1156,MANIAC,ᴘᴀɴᴅᴀ†,2986355185615986
1157,MeAOVis,ละมุดแมวชอบดื่มชา,3307678197810290
1158,MeAOVis,ø†Sʜᴏʏᴀ_ϟ｡,2630861682050162
1159,MeAOVis,•COZBYX•,3865469895509106
1160,MeAOVis,น้องเพงสายลับ,4027800935924850
1161,MeAOVis,Bubble.eiei,4446414621049970
1162,méfchiato,ᴋɴᴛ_ᴍᴏʀᴇɪツ,1739845215126642
1163,méfchiato,Bonnie魂,83363302147186
1164,méfchiato,мαяѕнмαℓℓσ♡,5587287052321906
1165,méfchiato,นิรันดร์เมอลิน,3666733303006322
1166,méfchiato,최수준ヽ(`Д´)ﾉ!!,106767652684914
1167,Mega Kiss,ׅ֯༝ཁ†༙۪྇ѕe͜ℓ͡eིྀɳαׂ★༙྇⸝˚ׅ,527249380148338
1168,Mega Kiss,мвν•narakღai,2535113707684978
1169,Mega Kiss,enamiasabluu`,4227578454017138
1170,Mega Kiss,Silveryy,3551427456861298
1171,Mega Kiss,ׂ˳ׅ⸝✿ׅℓּ͜͡osυּ̫ხ֯ყ໒꒱ིྀﾟ·,3030400544998514
1172,Mega Kiss,เม็ดไม่ผสมก็ล้มไก่ได้,3435590242731122
1173,Melody เมโลดี้,บี๋สไปซี่,314906197034098
1174,Melody เมโลดี้,realneko,4405317488280690
1175,Melody เมโลดี้,เมียแอชวิว,1388287042454642
1176,Melody เมโลดี้,໒͚.ིྀ݂.͚১Baobei⊹࣪˖ྀི୨ৎ♡,620349305848946
1177,Melody เมโลดี้,คะน้ามุ้กรอบ,504760058971250
1178,Melody เมโลดี้,ยุ้ดนะ,1876986809222258
1179,Melomeow,พี่โซเนียเอนซี55+,4729548663096434
1180,Melomeow,MihawkEgo67+,3204121704465522
1181,Melomeow,*.✿ᴡɪɴᴛᴇʀᴀɪɴ✿,313989020189810
1182,Melomeow,พี่เมซ่าคูลบอย55+,2845860966892658
1183,Melomeow,สเตฮาร์ดเมี๊ยวๆ55+,3361432062329970
1184,Melomeow,Nuclearrrrr.,3227332110386290
1185,Melomeow,Ｅყｅ♡,3426422970582130
1186,Meow Mafia,kkkwankkk,3412900668703858
1187,Meow Mafia,Nicha__P,4637445773788274
1188,Meow Mafia,Iggynn,821892323935346
1189,Meow Mafia,Vanilla_SKY,1439229448225906
1190,Meow Mafia,myluvmyluvmyl,3051443401720946
1191,MEOWMEOW,Zodomon,5535151518057586
1192,MEOWMEOW,Hanley,188978561221746
1193,MEOWMEOW,Muzu....,3345693221782642
1194,MEOWMEOW,แมวอิ้อิ้,5238792466400370
1195,MEOWMEOW,•วาตานาเบ้•,259680769344626
1196,MeowMeowWhat,meowneo,3167666156274802
1197,MeowMeowWhat,♡ᴘʟsᴛᴇʟʟᴍᴇˎˊ˗,2155750990480498
1198,MeowMeowWhat,SHOGO々✿,2149652740899954
1199,MeowMeowWhat,​BabyDino'†,4957402181076082
1200,MeowMeowWhat,MinaleJM,483031148332146
1201,MeowSom,cʏɴ͜͡sɪᴀ♡ྀི১˚₊⁠,2911976015725682
1202,MeowSom,｡˚★ყᴜოei͜͡ko♡ྀི১,2513398621471858
1203,MeowSom,เอนโซ่อย่าทิ้งเค้า.,3493351580173426
1204,MeowSom,｡˚★ყα︎ოi͜͡ko♡ྀི১˚₊,3125017063916658
1205,MeowSom,｡˚★α︎ɴოi͜͡ko♡ྀི১˚,3595974991873138
1206,Meowzzz,ᴮᵁᴮᴮᴸᴱˣツ,4028712341406834
1207,Meowzzz,•ᴍᴀᴍɪʏᴀᴀ•,170239820235890
1208,Meowzzz,✿GAME✿ˎˊ˗,2561935375795314
1209,Meowzzz,อยากกินข้าวอ่ะ:),4644074317612146
1210,Meowzzz,‧˚ʏ͜͡ᴜɴᴀ₊·,519088539632754
1211,Midnight Bloom,◦ᴋʜᴜɴɴɪɴɢ❀,415720353760370
1212,Midnight Bloom,Ａｉｋｏ.,3111936338363506
1213,Midnight Bloom,◦ᴋʜᴜɴɴᴀᴍᴇ❀,413305642615922
1214,Midnight Bloom,˚✿.ɴα͜͡ʍi.★ྀི,148023565026418
1215,Midnight Bloom,Z_Bri,494945521828978
1216,Midnight Luna,kchnxen,730424821351538
1217,Midnight Luna,ᴅɴʟ-ᴇʟsᴀ,581774258406514
1218,Midnight Luna,Ally.L,2262798352712818
1219,Midnight Luna,เป๋ง⋆,831712565331058
1220,Midnight Luna,เอ็ง,4250553442042994
1221,Midnight Luna,❥˚༘thunthita⋆｡˚,859529055241330
1222,Mikosan,༄κing.Ƥシ,4057158916441202
1223,Mikosan,LITTLE_M,4057159117767794
1224,Mikosan,ซอยข่อยแน่_“-”,5320596896547954
1225,Mikosan,แต่คนเดียวเลยจ้า,4212026041894002
1226,Mikosan,Kimujiii.,628743819428978
1227,Mikosan,ᴍᴇᴡᴛᴡᴏϟ,150868108444786
1228,Mikosan,พี่ฟังก่อนนนนนนนน,333058406548594
1229,Mikosan,ᴿᴱ°ᴢᴇʀᴩᴀɴɢ,718799284405362.0
1230,MING MOW,ᴘᴇᴘᴇʟ,968844160205938
1231,MING MOW,⋆˚｡⋆୨୧˚ɪʀɪՏ࿐,3213149524395122
1232,MING MOW,นีโม่ลูกกตัญญู,3213175227090034
1233,MING MOW,☆*:.｡RIN｡.:*☆,3373690301645938
1234,MING MOW,ญ่ะญ๋า,2205731256468594
1235,mis(s)ter อุ้ดส์,Jerrierׂׂིྀ,4645081420334194
1236,mis(s)ter อุ้ดส์,ชิอ้อน,2454018148467826
1237,mis(s)ter อุ้ดส์,ทานูกิdesu,3836682139010162
1238,mis(s)ter อุ้ดส์,✿rυbყʝαིྀყ´ˎ˗,4091732128105586
1239,mis(s)ter อุ้ดส์,블루벨★,1089072911287410
1240,mis(s)ter อุ้ดส์,brunominnᰔᩚ,3121337283576946
1241,Miss(ing)you,⋆·˚༘*ᴘᴇʀғᴜᴍᴇ༉‧₊˚.,742014522164338
1242,Miss(ing)you,ʚᴍɪʟᴋᴛᴇᴀɞ,555174452200562
1243,Miss(ing)you,♪•Lxzomond•♪,1438108059108466
1244,Miss(ing)you,SPDผู้ให้No.1,2897058721891442
1245,Miss(ing)you,ʕ·ᴘᴇᴇᴢᴢ·ʔ,584119444767858
1246,Missilee,undeuxtrois.,503265074807922
1247,Missilee,♡ᴀᴢᴀʀᴋ❀,3511253607842930
1248,Missilee,˚༘Mizuiro♡⋆｡,3921830402524274
1249,Missilee,ᴋᴛ•ᴍ͜ᴀֺʀᴋׅʏ͡★יׅ,853391278539890
1250,Missilee,ღʙᴀɪᴍᴏɴ❀,179398569559154
1251,Missmoodeng,ขอเวลาลิงคิดก่อน,1779351330948210
1252,Missmoodeng,รีบจบนี่จะนอน,4501201223877746
1253,Missmoodeng,ׂ˳˖໒ིྀxׅiּαn֯gּ♡ׂ⸝˳ׂ,3661664973161586
1254,Missmoodeng,เเอบท้อ.,3611742689231986
1255,Missmoodeng,ชาอึนอูชิดซ้าย,5278919741867122
1256,MIXERY,imagetchaa,239937475773554
1257,MIXERY,oGinnySo,96985394906226
1258,MIXERY,fxrncqʚɞ,1511878350275698
1259,MIXERY,αdorome,4755842519991410
1260,MIXERY,Φelixfelicis,1648968203437170
1261,MKS Wonder,kimmy_033,4509176911037554
1262,MKS Wonder,⭐B?B⭐,986830677935218
1263,MKS Wonder,บู้บี้ขยี้ใจเธอ<3,3904585437742194
1264,MKS Wonder,MKS_ปอยฝ้าย,4461285743985778
1265,MKS Wonder,ゆ き (‘~),986830677935218
1266,MMaPSB,เมย์น้อยน่ารัก,830480379479154
1267,MMaPSB,Milkco3115,4735226408535154
1268,MMaPSB,Babybabe_26,5433456557491314
1269,MMaPSB,˗ˏˋოeoω︎ྀིlαzყ´ˎ˗,3891225472205938
1270,MMaPSB,‎˚₊‧꒰აsch͜͡vy໒꒱‧₊˚,387131507934322
1271,MochiMoon,ᴍᴇʀʟɪᴀʜ՞,3729131527406706
1272,MochiMoon,kitcatts,3528993567605874
1273,MochiMoon,XMASss,4559033025627250
1274,MochiMoon,เปเปอร์(⁠◍⁠•⁠ᴗ⁠•⁠◍⁠),4279911019906162
1275,MochiMoon,อย่าด่าเลยพี๊~,3636377480791154
1276,Mookata,˖˙sαღoყєd͜ॱ✿˳·,502567947928690
1277,Mookata,ᴍᴀxxɪᴍᴜꜱˎˊ˗,177327522907250
1278,Mookata,ustolemyheart,254454263907442
1279,Mookata,˚·.SugarLun༊*·˚,2192917154432114
1280,Mookata,ᴍᴇʀᴄᴜʀʏˊ,1024767587189874
1281,MOONIX,₊ּ˚꒰აྀིsֺּαℓ͜͡ოּoׅɳ^ྀི˚ּ₊,4056190401315954
1282,MOONIX,sxndaz,5042290263524466
1283,MOONIX,₊˚ʚოαr͜͡ч✿˖ྀིა,2578211758343282
1284,MOONIX,seattle♡ིྀ,986691225715826
1285,MOONIX,valentierq,379471635088498
1286,MOUTH DOG$,RW4Q0N,335074356823154
1287,MOUTH DOG$,×이름이뭐에요×,363921705993330
1288,MOUTH DOG$,KaguraFox,4074819620635762
1289,MOUTH DOG$,#ท้ายทนายแตน,400108147639410
1290,MOUTH DOG$,Fernfeliz,194336465814642
1291,MOUTH DOG$,neithernor,3714011162150002
1292,MOUTH DOG$,꧁༻บ้งจัด༺꧂,1020308874265714
1293,MOYA,华城,4894478427161714
1294,MOYA,ไซม่องมอนเดย์,3718703481029746
1295,MOYA,พีชไม่เเดกสลัด,3792635437450354
1296,MOYA,จีโน่ไม่อยากเล่นตีมี่,3423081821570162
1297,MOYA,⊹₊.૮я͢e͢͜͡n͢j͢i͢r͢o͢_ིྀა⋆°,3779136959218802
1298,mrWHY?,holyCheese,256116282033266
1299,mrWHY?,Saroly,258888482096242
1300,mrWHY?,เซราลี่นี่แหละโฮคาเงะ,3594166810641522
1301,mrWHY?,ოiℓɞ`,452830481810546
1302,mrWHY?,lysine,1025740732826738
1303,mrWHY?,c.c.,499528319042674
1304,mrWHY?,cocococonut,402317572768882
1305,MUSE,ต^._.^ต♡น่วนโอ้,1172920940561522
1306,MUSE,นุ้เร่นคนเดว,501934373143666
1307,MUSE,「まみぽこ♡」,2062978153383026
1308,MUSE,[FONFON],2251505877058674
1309,MUSE,pxxm_million12,385519150367858
1310,My Good Boy X ETC,Velissex.,798096862938226
1311,My Good Boy X ETC,ᴍʏᴘᴏɴʏ.,1249113324848242
1312,My Good Boy X ETC,barrett..,5383049344910450
1313,My Good Boy X ETC,buttercu͜͡pzˎˊ˗,335406075937906
1314,My Good Boy X ETC,zayneluvcat,3401462365488242
1315,My Good Boy X ETC,大畏♡,1861816783406194
1316,MYST ESPORTS,เซนย่าไม่น่ารักหยอ:3,543643471643762
1317,MYST ESPORTS,‧༚⁺ᴊᴜʟɪ͜͡ᴜs˚.‧₊,1112081856398450
1318,MYST ESPORTS,ᴘᴀʀᴀᴅɪꜱᴇ,447151998174322
1319,MYST ESPORTS,Jurin,180104756135026
1320,MYST ESPORTS,Selunaliss,2260592148808818
1321,MYST ESPORTS,ᴘᴜɴᴄʜᴜᴜᴜ,134363018888306
1322,NAIAD CHILL,Flynn.,5889512693761138
1323,NAIAD CHILL,•Quinzel•,962384999154802
1324,NAIAD CHILL,/LastChance/,232893192537202
1325,NAIAD CHILL,จ๋องงง.,960307845596274
1326,NAIAD CHILL,ׂ˳༝ϟׅᴘʀᴀ֯ᴇ͜ωᴀׂ۪†.⋆,2003044367795314
1327,Navamin Girl,ྀི⸝⸝ᴘᴀʟ͜͡ᴍ✿,2827350731588722
1328,Navamin Girl,屍狂–zeє͜͡ᴢᴇყི´ˎ–,2418156043961458
1329,Navamin Girl,โฟไข่เเมว,3622372062200946
1330,Navamin Girl,王蓓,3711986957485170
1331,Navamin Girl,r4ex`,4210686012097650
1332,NB E-SPORT,⁎ּ♡ׂׅѕּ͜͡αɾℓinּׂc̫iα۪໒꒱ིྀ˳·,3184429279413362
1333,NB E-SPORT,♡˖꒰Punch꒱,1659602274026610
1334,NB E-SPORT,r4enq,3104091580597362
1335,NB E-SPORT,risoulchi`,4290931973096562
1336,NB E-SPORT,₊༱༏sׅʏʟᴜ༙྇͜s͡ᴅɪᴡׂᴀ†༙྇˳,2448444086223986
1337,Neon Dolphin,OSPY,2744086348104818
1338,Neon Dolphin,babybmxqx,3526352095609970
1339,Neon Dolphin,ᴠᴇʀᴏɴɪᴄᴀ!,1496233260811378
1340,Neon Dolphin,rubycreamie,3211537435264114
1341,Neon Dolphin,ควีนไม่กินผัก,3218566484788338
1342,NEREID_,°~°พี่น้องมหาประลัย,3011243917116530
1343,NEREID_,LIRITAz,2342028352619634
1344,NEREID_,HereBen.,2399634400150642
1345,NEREID_,ปลาชะโด1Vs9.,3042567583368306
1346,NEREID_,พอมอที่เป๋นกะตุ่ย,3146639070135410
1347,NO MERCY,GummyGirl,244618520364146
1348,NO MERCY,ไหล่เกินคอ,88461361218674
1349,NO MERCY,ʙᴇɢᴜɴᴢᴏ`,199977905357938
1350,NO MERCY,`ᴢᴇᴀᴘᴀɴɢツ,400851713852530
1351,NO MERCY,OneNo シ,2480907193877618
1352,NO NEED NAP,kn_palm,1275872984368242
1353,NO NEED NAP,Mali~♡,2005045352793202
1354,NO NEED NAP,ดำดึ๋ยตัวจริง,414166917776498
1355,NO NEED NAP,ไม่ให้อภัย°100%,257478189319282
1356,NO NEED NAP,ปลาซูชิแซลมอน^,3563110573212786
1357,No PresSure,CЋᴇʀʀчɞ,251248607691890
1358,No PresSure,DiarySmile!,396431454307442
1359,No PresSure,˳✿☾ᴍᴀʀɪɴᴇʟʟᴇ♡ᙏ̤̫,403673104712818
1360,No PresSure,N!ceOne,1464392319435890
1361,No PresSure,꒰⊹ოuოe͜͡w✿꒱ˎ,3291990762652786
1362,No Skin No Skill,หนูเป็นสาวเขรมค่ะ,1914455164388466
1363,No Skin No Skill,แว่นขอโชว์หน่อย,4307942459507826
1364,No Skin No Skill,湖末路れむ,2616636750365810
1365,No Skin No Skill,ᴍᴜ ᴍᴜ☆,3547807202083954
1366,No Skin No Skill,6sevan,2600588403737714
1367,noobfox,冥風,4364034396849266
1368,noobfox,雅貴,267637129151602
1369,noobfox,夜華,3351810798716018
1370,noobfox,Pahkharaphad,4906536682062962
1371,noobfox,TK_SunGod,2098676445152370
1372,noobfox,pxnne,3390665958556786
1373,Noomaiphorjai,Jungshiii,708734364091506
1374,Noomaiphorjai,ʟɪɴɴᴀᴇᴜs,734803943162994
1375,Noomaiphorjai,ᴮᴬᴮʸ┊вεαя‧₊˚,868987982513266
1376,Noomaiphorjai,₊˚ʚPimxbsɞ˚₊,3232123884602482
1377,Noomaiphorjai,Cherℓყnn♡ྀི₊ֺ,2464285133571186
1378,Nova.2,ʜᴏɢsᴍᴇᴀᴅᴇ,650759083590770
1379,Nova.2,ฉลามร้ายย,1076026545472626
1380,Nova.2,อย่าขวางพี่น้า,1069547855742066
1381,Nova.2,เง้ออ้วน,3447598635746418
1382,Nova.2,มามูมีมี่,1633222048023666
1383,Nova.3,ׂ ˳なּׅხℓּ͜͡αིྀe֯ɾi۪◌ּ♡,2285839107425394
1384,Nova.3,nongkratui,3681455175828594
1385,Nova.3,Satin’,3529175902389362
1386,Nova.3,วาสนาหนุ่ม2D,3099596897322098
1387,Nova.3,νiv͜iєr†,3148951842915442
1388,Nova.3,ไก่ย่างวิเชียรบุรี3,2570788779787378
1389,NovaApex,เสี่ยวหลง,138368814089330
1390,NovaApex,merluvmeowˋ,4389198408909938
1391,NovaApex,johnnyjoestarr,389873441899634
1392,NovaApex,˚ˑ̶͙ʚ‧₊֯si͜͡αz֯cσ͙ηაྀི｡ﾟ,3590103771579506
1393,NovaApex,mayuno’,3681132315083890
1394,NOVARA,KadeAsami,3900980550894706
1395,NOVARA,刺身(><)。,6044468067370098
1396,NOVARA,RietyFoxx24,305399958013042
1397,NOVARA,RietyFoxx24,305399958013042
1398,NOVARA,RietyFoxx24,305399958013042
1399,Novari (e-sport),₊˚ʚʙᴀʙɪɪɞ˚₊,2594823685211250
1400,Novari (e-sport),ᴀʀɴᴏᴠɪˊ•༝•,262061523403890
1401,Novari (e-sport),เมจิเมะ,1401843167200370
1402,Novari (e-sport),สออสสออ,152359938491506
1403,Novari (e-sport),ผมตัวเต็งลาดบัง,411308617041010
1404,Noxia,Lyndzei♡ིྀ༷˚,1794154271278194
1405,Noxia,ᝰꜱʟʏᴛʜᴇʀɪɴ.ᐟ,79176581448818
1406,Noxia,ᴋᴀɢᴇᴢᴜᴋɪ,2882515492865138
1407,Noxia,-ˏˋ꒰ᴿᵘᵇʸ꒱୨୧,3188309581038706
1408,Noxia,Domino,1592770838070386
1409,Noxia,˳ׅ໒ིྀCαtℓina♡ɞ˚₊,1693838733411442
1410,Noxia,Taurus˙⟡,2994804728464498
1411,Noxia,ʜᴇʀᴍɪᴏɴᴇs,195158616507506.0
1412,NTRNK,น้อนน่ายัก,4627239387989106
1413,NTRNK,Noeynierubyjane,1887508606682226
1414,NTRNK,静音-様,1364587077370994
1415,NTRNK,ทามะจัง,3728067851912306
1416,NTRNK,｡˚໒꒰ྀིʀe͜͡ᴘℓαყ꒱ྀི১⁺｡,240339055215730
1417,Nuggets,beloved,3043413759034482
1418,Nuggets,iggyz,3349015177659506
1419,Nuggets,ʚִ˚ℓiყs͜͡σunωα✿ׅ֯,641394377163890
1420,Nuggets,Minji김민지<3,2196278503212146
1421,Nuggets,ɴᴀʙɪsᴏ͜͡ ᴄᴜᴛᴇ ✿,1701265201628274
1422,Nuggets,พอวอรอ,2484013797409906
1423,Nunoinarak,นุน้อยผู้พิทักษ์,4712106465363058
1424,Nunoinarak,นาครอสสฝึกหัด,213775487796338
1425,Nunoinarak,17savg,2904610146813042
1426,Nunoinarak,˚໒ྀིყּׅυ͜͡υྀི༙྇kֺּǟ১ྀི˚ּ,1634281160115314
1427,Nunoinarak,༚｡⁺Cɧoѵყ˖*♫ྀི༚,3411851287397490
1428,Nursingสั่งลุย,PAIPAT,2943849169355890
1429,Nursingสั่งลุย,꒰ა『м1ѕαкι』.ֹ₊,4026531840144120
1430,Nursingสั่งลุย,⁎˚໒꒰ྀིᴍ֯ɪʀ͜͡ᴀɴ͙ᴀ꒱ྀིა˳ׅˑ˖,2148554370122866
1431,Nursingสั่งลุย,‧₊˚sᴇℓz͜͡ᴀcℓɪɳྀི♡˚.•,604811322131570
1432,Nursingสั่งลุย,₊˚۪໒꒰ྀིҽȶɦ͙α͜͡nℓε֯ε꒱ྀིა˳,3039710423483506
1433,NYVERA,Nezukɞ,3679900733211762
1434,NYVERA,ɴᴠ.ᴍɪᴋᴀsᴀ^ྀི,1032651066770546
1435,NYVERA,ɴᴠ.мooғᴀʀ,614380509267058
1436,NYVERA,Cathdarly+999,3003951800845426
1437,NYVERA,KLLY.,3745410795635826
1438,NYXA,ไข่เเมวตุ๋นน,3464963926721650
1439,NYXA,˳ֺ໒ྀི͜͡♪hiׅηּ֯αhikׅυ꒰აྀི˳ֺ,3605752619140210
1440,NYXA,ฟาร์มหมูแฮปปี้,3324078463321202
1441,NYXA,Ayanorinx,4149697543603314
1442,NYXA,♡ֺ^ྀིოε֯σ͜͡ωო̼ιи۪ȶაྀི⸝ּ,2069945529861234
1443,Nyxara,.⋆｡ᴢᴇ͜͡ᴅᴀɴ͜͡ɴ`ᐟ.-,3710605185975410
1444,Nyxara,โปรดสอนฉันเล่นอาวี,1145271417504882
1445,Nyxara,น้องอิ๊บจิตสัมผัส,3081059482928242
1446,Nyxara,JIRA†PA$,76325931123826
1447,Nyxara,ᴅᴀ.ᴅᴇᴋᴅᴏᴋ,2543987177227378
1448,Nyxara,Realss,1875099640857714
1449,NYXI,*:･ﾟᴋɪʟᴀʀᴀ✧*:･ﾟ,1758597713429618
1450,NYXI,แมวผมคิวซัง,2839858280334450
1451,NYXI,มาเฟียน่องปู,2348784873047154
1452,NYXI,แก๊บแง๊บแก๊บแง๊บ,3124189880058994
1453,NYXI,หนูมาแจกพี่แบกเลย,1033643204215922
1454,NØVΛ,xAlixxa,344937346565234
1455,NØVΛ,Txnggg_96,3030523958199410
1456,NØVΛ,ׄ˳໒·ִྀིkω͜͡αnּ༷֯♡ִྀི˚აׄ,4835736494998642
1457,NØVΛ,ᴋʀᴜʙᴋᴜɴᴍᴀᴇˎˊ˗,342616856265842
1458,NØVΛ,´ཀ`ׁׅsummᴇʀֶָ֢.ꫂ᭪݁ˎˊ˗,5485574911886450
1459,OG1,INIT.,726771347686514
1460,OG1,Blythx,2720770514158706
1461,OG1,ˢᵘˢᵘʳᵘⁿ,196439187850354
1462,OG1,BLOODYHEY,553652423165042
1463,OG1,หยุดแบนบิลโล่กู,4447045243044978
1464,OG1,JoamGem,613070611350642
1465,OLV,3uxny_.,9154a9770a310bbe45100e5a16c9c319
1466,OLV,sathosagai_,63531641ad62a90bee0d21d2f39661b8
1467,OLV,แซวม่อนผัดเผ็ด,540765e6c4a4ac180220437f2adfd26e
1468,OLV,棉絮.,1967481971475570
1469,OLV,_.ⒹⒾⓃⓄ♤,645fe43a3c2ad461f4612ca16b8432a1
1470,ONE STAR,❅ᴏᴏᴘɪʙʙ❅,2544263128876146
1471,ONE STAR,ʙᴇᴀᴛʀɪx_x?,3065766580782194
1472,ONE STAR,เเก้วเทพซ่า007,3502430067295346
1473,ONE STAR,♡Semmer♡,2963855261238386
1474,ONE STAR,Èmmä,3196349222945906
1475,Orange Cat,MuJang~ɞ,534442510845042
1476,Orange Cat,ครีมคุไบ,122396770239602
1477,Orange Cat,˚✿༘αr͜͡ⅰოα.ʚɞ˚,3105954254226546
1478,Orange Cat,✧˖‧⁺◟꒰ᴄᴜʙᴇᴜ꒱˚༘°˖✧⁺,259933232890994
1479,Orange Cat,เจนนี่ชอบหมา,3054494774658162
1480,Paloy,SurgeonofDeat,3068620854985842
1481,Paloy,Fluffyfav,778829773866098
1482,Paloy,•CinnamonCat•,2265822479451250
1483,Paloy,tnttp,378809069274226
1484,Paloy,คาปูชิโน่หวานน้อยแก้,3047774962779250
1485,Panda Gang,PANDIE,427499502896242
1486,Panda Gang,Lilz♡,177932576425074
1487,Panda Gang,baBybarnaBy´,845933470483570
1488,Panda Gang,Vit.CTan,456021843838066
1489,Panda Gang,canberries..,3286746540475506
1490,PANJAVAGKIE,Chafarel,3028457072297074
1491,PANJAVAGKIE,มะยงชิดกลิ้งเกลือ,4050732571624562
1492,PANJAVAGKIE,Sor&,462851982689394
1493,PANJAVAGKIE,เองไช่ของกุกไหม,4467707189855346
1494,PANJAVAGKIE,Rukkhashava,1047203623928946
1495,Patapiwwiwwiw,ᴘᴀɪɴ♰ᴇᴅʟᴀᴅʏ,2025343636669554
1496,Patapiwwiwwiw,ex.neverexit,4582301279388786
1497,Patapiwwiwwiw,สรรเสริญพี่แจมิน,3284832595674226
1498,Patapiwwiwwiw,กลมก๋วย,1517404698117234
1499,Patapiwwiwwiw,allbabebluྀིe,3562390495102066
1500,PAWREIGNN,MXIL,697055811142770
1501,PAWREIGNN,ʚsᴜɴsʜɪɴᴇɞ˚࿔,1187602279629938
1502,PAWREIGNN,sᴀᴋᴜʀᴀsᴏᴜʟ彡,304452179526770
1503,PAWREIGNN,†.sᴇᴄʀᴇᴛ.†,473688722048114
1504,PAWREIGNN,วันใหม่จะรักคุณ,97808283796594
1505,PAWREIGNN,Yamwiraya,2174210558592114
1506,PCVP,ใครเก่งมาสอน,3696616947254386
1507,PCVP,สอนยิงหน่อย,5973166509982834
1508,PCVP,สอนวิ่งหน่อย,3257708669240434
1509,PCVP,雨のしりゅう,1217251177071730
1510,PCVP,น้อวบาแรม,3259908699128946
1511,PenBara,Sabohey,4675986394383474
1512,PenBara,agustd,1278308834804850
1513,PenBara,ᴍᴀʀꜱʜᴀʟʟ✿,3328157340075122
1514,PenBara,ꜱᴡᴇᴇᴛ☆cᴀɴᴅʏ,3707773795894386​
1515,PenBara,★·♪°SèZiłł°♪.·★,3644144526492786
1516,PEPPA PIG,nana,555708772975730
1517,PEPPA PIG,AT‘Tintin,4855755337565298
1518,PEPPA PIG,ᴀʟᴇxᴜs.,3165070653850738
1519,PEPPA PIG,raashx♪,3665760828458098
1520,PEPPA PIG,Kuro͜͡meo͜͡wˎˊ˗,3759619621192818
1521,PHANTOM CATS,౨֗˳ოid͜͡oིྀri♡ִིྀৎ‧,1310199503848562
1522,PHANTOM CATS,ᴘʟᴏʏᴘᴏᴋᴏツ,244541412279410
1523,PHANTOM CATS,✧ɪᴄᴇ'ᴇʙᴜɴɴʏ✧,228009680503922
1524,PHANTOM CATS,Multiply.,377071889220722
1525,PHANTOM CATS,ɪᴍᴇᴇʏᴏᴋᴋ,459479628055666
1526,PHANTOM CATS,˳ׅ໒ིྀׅოּ͜͡αȶch֯z♡ིྀׅ˳ׂ,3548023426843762
1527,Piglet fight,팻여기와,3905801651684466
1528,Piglet fight,มาล่ะฮ๊าฟฟ,3868309405762674
1529,Piglet fight,Zmeaow!,3203379010667634
1530,Piglet fight,ᴡɪɴᴛᴇʀxᴅˎˊ˗,1580227788735602
1531,Piglet fight,ลุงบอกไม่ให้เล่นโร๊มม,3018777960842354
1532,PIGMOOO,iffy23,2270963488195698
1533,PIGMOOO,ɾҽιɾα⋆౨ৎ˚⟡˖࣪,467385857541234
1534,PIGMOOO,Friend_d,1148596594607218
1535,PIGMOOO,`*ᴍᴀ͜͡ʀs♡ˎˊ˗,2581194210477170
1536,PIGMOOO,p._pxloy,1056078569866354
1537,Pink slay,･:･ᴬᶰᵍᵉˡ.+ﾟ,1324420006347890
1538,Pink slay,เต้าหู้ชีสเลิ้ปเว่อร์,905280657491058
1539,Pink slay,ᴍᴇᴀᴏᴡɪɪツ,3124468583171186
1540,Pink slay,byunbe,396645934236786
1541,Pink slay,Zhuon,278066047943794
1542,PINK STAR POWER,BassaB_D_Wa,45e276fc27467f13d7058836294bcc5f
1543,PINK STAR POWER,Kawaiigalek,6131469475054706
1544,PINK STAR POWER,Janjanbebell,6131484104787058
1545,PINK STAR POWER,Sarinya_Tharee,e12e722cdd049feecf2dd5a9e472eea9
1546,PINK STAR POWER,ไข่ขาวแมวเหมียว,790e268467ba1168f79a7c90f2f02dab
1547,pinky blossoms,meowjuu,1487036058109042
1548,pinky blossoms,stuckinsadness,76003741467762
1549,pinky blossoms,ให้ออฟป่าก็รอแพ้,496249983927410
1550,pinky blossoms,ฮอวอเนเว่อดาย,3054096819094642
1551,pinky blossoms,ryth,92909806486642
1552,pinky blossoms,˳˚ᴘo͜͡ᴛᴛᴇʀᴊˎˊ˗,1207645818258546
1553,PITIPIWPIW WIW WIW,༊·˚ɹҽֶָ֢dཧoɥɔ.ೃ࿐,2378230363522162
1554,PITIPIWPIW WIW WIW,⁹ᴏʟɪᴠɪᴇʀ¾,3866072063345778
1555,PITIPIWPIW WIW WIW,ʚ˚ᴄყɳƚԋια₊˚ɞ,1245482936632434
1556,PITIPIWPIW WIW WIW,ɪ’ᴀᴍㅤᴀᴛᴏᴍɪᴄ,2294125240190066
1557,PITIPIWPIW WIW WIW,⸝˖⑅^ྀིƒ͟αིྀׅყˊ♡ིྀˎˊ˗,4805820437169266
1558,Poltergeist,ป้าเหน่ยป้าอยากนอน,905356289180786
1559,Poltergeist,••Peone••,589169453892722
1560,Poltergeist,Jasmine.pissi,783698656167026
1561,Poltergeist,zugus,536088489952370
1562,Poltergeist,สวัสดีผมมิ้กกี้เม้าส์,3247557849580658
1563,Power girl,Vakaress,339277988955250
1564,Power girl,อาชิเทพกุ่ย,4291577023497330
1565,Power girl,เธอทำพอพอเสียใจ,2348576231588978
1566,Power girl,แมวขาวกินช็อกโก้มิ้น,1207626155361394
1567,Power girl,◌ྀིƒ͙υ͜͡ოin֯kσ͙^ྀིა˳,3565352277705842
1568,Power Puff Ping,ทีมต้องการคนเปย์,869045494809714
1569,Power Puff Ping,꒰ ʟɪᴛᴛʟᴇ.ᴋᴀɪᴘᴏᴘ ꒱,3738489724273778
1570,Power Puff Ping,₊☆sα͜ĸ͡ι͢ĸo♬ﾟ·ִֶָ࣪☾.๋࣭,1487111085818994
1571,Power Puff Ping,`フミちゃん♡,593690376733810
1572,Power Puff Ping,✵◖ᴘʜᴀɪɴᴏɴ◗❂,4069268241187954
1573,Power Puff Ping,◌ׂ̊ㅅ͈ᴀʀᴛᴇᴍɪꜱཾֺ⸝★,3099298464203890
1574,Powergirls,ꜰᴀɴʙʟᴜᴇʙᴇʟʟ♡,1792230125929586
1575,Powergirls,PLADUKFOOL,1187835952694386
1576,Powergirls,นีนน้าวัด,871285722907762
1577,Powergirls,PuncharQwQ,1705529164629106
1578,Powergirls,.Meme.,319932852274290
1579,Powerpub girl,ขอบคุณนะค่ะ,156825026757746
1580,Powerpub girl,น้องpetch_piggy,2116309567603826
1581,Powerpub girl,เดินมั่วทั่วแมพ•ᴥ•,613003972248690
1582,Powerpub girl,มาให้จุ๊ฟหน่อย ^3^,613186508358770
1583,Powerpub girl,พี่ปอไหน?_ผมปยอ.,150113335051378
1584,Powerpub girl,งอนล่ะ._.,4667019576411250
1585,Powerpub girl,˖˚໒ྀིოִֺoྀིྀིriεnִば♡ྀིˎˊ,1074354997888114
1586,PPverygood,ɴᴀᴍɪ,1888670730880114
1587,PPverygood,bebyone,1841053971973234
1588,PPverygood,gleBells.贝儿,3397156593665138
1589,PPverygood,ChironZeroX,279001679725682
1590,PPverygood,Music,469694872224882
1591,Princess,คัตจัง^ིྀ,6089575558743154
1592,Princess,˖࣪꒷ᴍᴀʙᴇℓℓˎˊ˗,2284712349598834
1593,Princess,ʙᴀʙʏᴏɪʟ♡ྀི,318944607143026
1594,Princess,อัศวินกินค้างคาว,2667386889241714
1595,Princess,หมูกรอบบ;~;,2544633234261106
1596,PRINCESS ARENA,ฮิมาวาริシ,472590082835570
1597,PRINCESS ARENA,ᴍᴀɴᴇᴋɪɴᴇᴋᴏ,1886741887911026
1598,PRINCESS ARENA,໒ྀི۪kɨr͜͡αrα۪˖ཾ໒꒱‧₊,1393714606048370
1599,PRINCESS ARENA,ppavww`,1177785729221746
1600,PRINCESS ARENA,น้องออมจอมมึน,1970632732640370
1601,Proud,หอยทากย่างถ่าน,689676453348466
1602,Proud,ดอเลียคลั่ง,1400692988380274
1603,Proud,✿ᴀɴɴʏ͜͡ᴊᴜɴɢ✿,3609789351527538
1604,Proud,꧁༺ʏʊʍɛ,4055038209229938
1605,Proud,shironeko白い,3605579008509042
1606,Proud,รู้จักน้องนิไหม?,3097249093715058
1607,PuffSQUAD,EcoRV,1453041928832114
1608,PuffSQUAD,SirPoopAlot,376639171265650
1609,PuffSQUAD,SweetTH,3521703129056370
1610,PuffSQUAD,꒰ˑмυғғιnˑ꒱♡‧₊˚,162695307527282
1611,PuffSQUAD,ɢᴜᴍᴍɪxᴢ.ᴢ♡,3210847421924466
1612,PWG,christluvcat,3041321036219506
1613,PWG,Monchhichi.,3496149751366770
1614,PWG,꒰★ხυხ͜͡ხℓe♡ིྀ໒꒱,3827827661276274
1615,PWG,cнᴀɴoм,2708202768761970
1616,PWG,ᴋᴀɴʏᴀ*:･。.+ﾟ,2953229512148082
1617,PWG,น้องลูกวา????,4891430678103154
1618,PYWON,იูຈະຫລัυ(ᴗ˳ᴗ..ᶻzᶻ,1366660607050866
1619,PYWON,Pun-varee,4895077105337458
1620,PYWON,ออยคนที่สวยๆ,1456210540954738
1621,PYWON,ຮדજדໂຈຮປ้ට௮,242207433098354
1622,PYWON,ポルノピモン.♡,3438100181353586
1623,Qing Cha,memeiii,325620395607154
1624,Qing Cha,หนุมานหลังอาน,475658501424242
1625,Qing Cha,WnV,368272306537586
1626,Qing Cha,karamucake,3469989038457970
1627,Qing Cha,mabbibae,388690648171634
1628,Qing Cha,Poodletoy,297830279480434
1629,Queen Ace,V€RMOUTH,2555586541716594
1630,Queen Ace,FAREDFOX,240085652145266
1631,Queen Ace,ᴋᴀɴᴏᴍᴛᴏᴍ౨ৎ,1324624688383090
1632,Queen Ace,ᴴʸᵐⁿᵒᶠᵐⁱˢᵗ,3587241712747634
1633,Queen Ace,hyuse♡,1306326181545074
1634,Queen B,aoon_spn,2725334453781618
1635,Queen B,^ིྀׅოּ͜͡orninׂgki̫ssּ۪♡,328355484468338
1636,Queen B,ลูกตาร์จะนิสะเกรดซ์,132192852444274
1637,Queen B,DRme_mat,147019079550066
1638,Queen B,4O4notfoundxy,473286471517298
1639,Queen Crown,DANDILIXN,791349469316210
1640,Queen Crown,999th,2750742138127474
1641,Queen Crown,berbbb,435763556844658
1642,Queen Crown,ซาตานโซ,2191572158579826
1643,Queen Crown,EunYu,997756135212146
1644,QUEEN TIMES,`ღωɪ͜͡ʟʟᴏᴡ?ˎˊ˗,3651762120754290
1645,QUEEN TIMES,?ᴍᴇᴡʀᴀᴋᴍᴇᴀ͜͡ᴏᴡ.,1844460954780786
1646,QUEEN TIMES,คุนเรมีจิ้น·ღ·,3328886008120434
1647,QUEEN TIMES,muteluu꒰⁠⑅⁠ᵕ,4618979830334578
1648,QUEEN TIMES,Gxaleˊ,3402646702720114
1649,QUEEN5,Ŀɨℓɨ†ԋ༊,4026531840098775
1650,QUEEN5,what?!.,3535454272160882
1651,QUEEN5,rorqual.,2648681165816946
1652,QUEEN5,จูจูน.,3145787861304434
1653,QUEEN5,ʜᴀᴍsᴛᴇʀss,626359642817650
1654,QUEENOVA,T.rakitK.Lee,3141392364930162
1655,QUEENOVA,ɴᴀɴᴀᴍɪ.,3406134753035378
1656,QUEENOVA,♡Götjï♡,556766878434418
1657,QUEENOVA,₊˚ANUBIS˚₊♡,117901348766834
1658,QUEENOVA,Monopo1isT,2894004060619890
1659,QUEENX,ᴊxxᴛᴏᴡ`,3787702331966578
1660,QUEENX,Nan[AI],2974801052501106
1661,QUEENX,แพ้เคะอึ๋ม,3564805944444018
1662,QUEENX,mesomorph,4085884798567538
1663,QUEENX,Themistia`♡ྀི,795837508813938
1664,Quincy,↼ཎིℓִє͜͡c༙྇ℓє͢яֺc‡༙྇⇀,3058419837895794
1665,Quincy,SS.ɴᴇᴍᴜ͜͡ʀᴜ.ᐟ.ᐟ,3485586883282034
1666,Quincy,แอรินรักหมีเนย,3873005684065394
1667,Quincy,พลอยกล้ามโต,3470349681493106
1668,Quincy,향초,4063677133292658
1669,Quincy,Jxrxtsxp,1367668112426098
1670,RabbitKaka,LRZ,997039278326898
1671,RabbitKaka,ᴍᴇᴏᴡˎˊ˗,703420885566578
1672,RabbitKaka,ig:print.yy,600261206934642
1673,RabbitKaka,ʏᴜʀᴏ͜͡ᴢxˎˊ˗,108720923280498
1674,RabbitKaka,˳ׅ₊໒ིྀρєʀᴘɪɴɢˋ,3553043169870962
1675,Rainyra,ɴɪɴᴀᴊᴀツ,306422898426994
1676,Rainyra,ɞʏᴜɴʏʀᴀღ,2319355086046322
1677,Rainyra,u@m3⤾·˚༘,3658750300980338
1678,Rainyra,{ba_by},2277703164298354
1679,Rainyra,seennieisldz,1151674878198898
1680,Randomgirlsmissrov,แมวน้อยอาย่า^•.•^,1223926898426994
1681,Randomgirlsmissrov,Kotchapunx,1417170630411378
1682,Randomgirlsmissrov,ᏕᏝᏗᎮᏕ♡࿐,4537390819640434
1683,Randomgirlsmissrov,mëdužâ;),175913539142770
1684,Randomgirlsmissrov,หมูฮ้อว,3819445831271538
1685,Randomgirlsmissrov,O•春樹•O,683004691416178
1686,RAVÉLIA,『ᴍᴀᴋᴇᴏ†』,645108450133106
1687,RAVÉLIA,กีกี้จะกินหัวคุณ,4231187971376242
1688,RAVÉLIA,ʜᴜᴀ́ɴɢ️ᴛɪᴀ̄ɴᴅɪ̀,130691694265458
1689,RAVÉLIA,↼.˚ιֹ۪ℓ͢α۫ყ͜͡†༙྇.,2040408167351410
1690,RAVÉLIA,ᴘᴏᴛᴀᴛᴏ↺99%,4321718969762930
1691,RAVENIX,.cky,295478382232690
1692,RAVENIX,IG:baifernkwt,249859588424818
1693,RAVENIX,ʙᴜʙʙʟᴇᴛᴇᴀ•ᴥ•,637914849674354
1694,RAVENIX,֯₊⸝ʚׅᴄʜ͜͡ᴏᴄּׂᴏ̫ℓα۪^ིྀ˳·,3078152192722034
1695,RAVENIX,rinadelune.,400933452448882
1696,Real Vanta,ɾeѕׅqּ†༙྇s`♡ིྀ,3443503115994226
1697,Real Vanta,yeuzoreepa,3534528236946546
1698,Real Vanta,ּ⁺ᴏֺ͜ʀ༙྇ɪּׅᴏ֯иˊ椅†༙྇₊ּ,3613270288303218
1699,Real Vanta,‘Tequila,2092833410581618
1700,Real Vanta,กุจะเป็นนักแข่ง,3837579048977522
1701,Real Vanta,LilBearʕ•ᴥ•ʔ,3164818391630962
1702,Redredgreengreen,เทสเตอร์งั้นหรอ,2425931075617906
1703,Redredgreengreen,ˏ˚ᴍᴀʏ͜͡ʙᴇʟʟ★ˎ´,3206438369559666
1704,Redredgreengreen,Mergrace,2945076456260722
1705,Redredgreengreen,จับฟอแล้วโฟลว์,1214373750310002
1706,Redredgreengreen,ฮ่าฮ่าอดีตเบต้า,3740308710032498
1707,REIGNÉ,『แซว‘วม่อน』※,3090293662614642
1708,REIGNÉ,֯⁎◌♡ིྀρ͜͡υძׅძiɳ֯ɢ໒̫꒱ིྀ˖,2005270838576242
1709,REIGNÉ,(”愛してます“),3596660643136626
1710,REIGNÉ,โกโก้ไม่หวาน;-;,2586577079567474
1711,REIGNÉ,˚₊·—̳͟͞͞♡꒰Claire⋆,1420050137547890
1712,REIGNÉ,isipreawz,1145233500996722
1713,Ren,˚₊‧ᴋαɾi͜͡nαაྀི♡,2874837097972850
1714,Ren,Jacinthe..,3338654642799730
1715,Ren,Norigosleep?᪲,1051256932205682
1716,Ren,ׂ˳ѕαĸ͜͡υrα♡ིྀﾟ·,3266295114171506
1717,Ren,xtekzy,5335682834957426
1718,RENAXIS,Selenofilo,510265804391538
1719,RENAXIS,marʝorieྀི,1040823047357554
1720,RENAXIS,Pïოlαrყ♡,3037180083766386
1721,RENAXIS,ʀᴀᴠᴇɴɪx,2273897890382962
1722,RENAXIS,อัศวินนิวลงสนาม,4272952434689138
1723,Renita,kAi.,2a106f283a50bd6029920626643aa025
1724,Renita,ᴊᴜɢʜᴇᴀᴅ⁹,3a6c4043e08db32dbab7777bf78381f6
1725,Renita,NT_pin,1b1da9da5367bd9553730fbf7898e6d9
1726,Renita,sᴏᴏᴍɪɴ·ᴥ·,2be1458d7d20e1eaf6613b49575f9733
1727,Renita,ᴘɪɴᴋᴘᴀɴᴛʜᴇʀ·ᴥ·,50d42dcaba0cdf891e73e21bb38eaabb
1728,Restart,หนุน.นนน,5695063418143858
1729,Restart,`₊ᴄx͜͡ᴍɪʟׅʟᴇˎ,1074683697103986
1730,Restart,kertluvcat♡,787807127929970
1731,Restart,ᵀᴴᴱ｀ᴍᴇᴏᴡツ,1421672695661682
1732,Restart,ׂ˳༮༏ׅʜᴏᴡ͜͡ʟϟ༙྇₊ˊ,361620811482226
1733,Rhys Girl,mumie♡ׂྀི,1291357549429874
1734,Rhys Girl,septenthber,4148466364384370
1735,Rhys Girl,hyxex,3727679761351794
1736,Rhys Girl,โปรลีคคุกกี้รัน,532706136097906
1737,Rhys Girl,มะเป๋ว,455567986590834
1738,RJ รีบจบรีบไปนอน,เทพวิวราชาโรบ้อค,3699895819240562
1739,RJ รีบจบรีบไปนอน,ชามะนาวหวานปกติ,1203205761598578
1740,RJ รีบจบรีบไปนอน,ํ₊‧꒰აsɪɴᴄʟᴀɪʀ໒꒱‧₊ํ,2696767485445234
1741,RJ รีบจบรีบไปนอน,ข้าวหมูกรอบฮาลาล,3344896035587186
1742,RJ รีบจบรีบไปนอน,ᴋᴀɴᴏᴍᴋʜᴇɴɢ•ᴥ•,3699895819240562
1743,RneAJ TeeM,иαℓcᏇᎯˎˊ˗,5537866272932978
1744,RneAJ TeeM,thk.aqixp*. ✿⁠,3738774064530546
1745,RneAJ TeeM,อย่าลาวมันลาบ888,5946245654971506
1746,RneAJ TeeM,ก็มาดิน้องชาย.,4695398639928434
1747,RneAJ TeeM,GAYGAS,4285126586598514
1748,RneAJ TeeM,มุยิม ^^,5821072792552562
1749,Rosélia,Solange,1785735330071666
1750,Rosélia,˖˚₊so༙྇͜͡uta₊˖,1292165741479026
1751,Rosélia,พะโล้โบราณ_€,2878421449507954
1752,Rosélia,ᴍᴜɴɪɴ,320377851151474
1753,Rosélia,ʙᴜɴɴɪᴇ;,3325641831416946
1754,RU1X (อายุวัณโณ),ᴋᴀɪᴡᴇʀʀ꒰˶•༝•˶꒱,498762002924658
1755,RU1X (อายุวัณโณ),Pumpk1n,3857233624630386
1756,RU1X (อายุวัณโณ),ฉันเป็นตัวถ่วงทีม,610151442875506
1757,RU1X (อายุวัณโณ),ปวดหลังอะเกน,799488029688946
1758,RU1X (อายุวัณโณ),กอดตุ้บ,192387020424306
1759,RunsisRun,Matcha__100%,114733676168306
1760,RunsisRun,สุมาเต๊อะจ้าววววววว,2727095658808434
1761,RunsisRun,[_Kh0@tOm_],367338486695026
1762,RunsisRun,ม่อนดอง1ที่,687942561629298
1763,RunsisRun,dɨˈmiːtɚ,96801785054322
1764,S.U.R.,นอยวะแม่,4676550243058802
1765,S.U.R.,cha!rin,5002493029450866
1766,S.U.R.,비온,4916219484505202
1767,S.U.R.,จีบเธอได้มั้ย?,5849613118669938
1768,S.U.R.,HAI_@ac,4709633168180338
1769,S.U.R.,maprang,5950536058864754
1770,Sainoi Luxury⠀,ɢᴀʀᴜ,774500983702642
1771,Sainoi Luxury⠀,☆เป้วตดเปรี้ยว☆,4078395986216050
1772,Sainoi Luxury⠀,·｡໒꒰ྀིᴛᴀᴋ͜͡υოɪ⊹ྀིა｡,4154311949091954
1773,Sainoi Luxury⠀,793so,5382234844628082
1774,Sainoi Luxury⠀,阳阴,4421699701507186
1775,Sainoi Unbeaten,໒ྀི꒰Grape꒱ྀི১‧₊˚⋅,4273823776179314
1776,Sainoi Unbeaten,หม็องด๋อย,4218661430822002
1777,Sainoi Unbeaten,₊˚ʚYumiɞ˚₊,4849076059440242
1778,Sainoi Unbeaten,꧁⊱PLOYY⊰,5578921462662258
1779,Sainoi Unbeaten,*꒰ɴᴀᴛᴄʜᴀʏᴀ꒱˚༘♡,1364683043046514
1780,SAKURA,ZhouYiran888,3055053187515506
1781,SAKURA,: ⭒.˚༘♡ᶦᶜᵋ*ੈ⋆｡°,3897863277053042
1782,SAKURA,somjaww,3744623809987698
1783,SAKURA,กินข้าวแล้วเก้าอี้หัก,3552562200642674
1784,SAKURA,Linglan,3832177389405298
1785,SAKURA,glsoftroam,450796345033842
1786,Samutsakhon Esports,SKEG.PàeYNB:),1390519485924466
1787,Samutsakhon Esports,⊹࣪˖໒꒰ྀིᴘнI͜͡ɴg꒱ྀི১,3560557617808498
1788,Samutsakhon Esports,เบวไม่กินผัก,1928134031246450
1789,Samutsakhon Esports,SKEG.Reren,4026531840240686
1790,Samutsakhon Esports,SKEG.iPOR,4123518442865778
1791,Samutsakhon Esports,SKEG.AuraJess,4690136768119922
1792,Samutsakhon Esports,ม่อนชอบกินชานม,3540051430671474
1793,Saohai e-sports,˗˖˚₊¡zʋɾɨაྀིྀི✭˚₊,533813298136178
1794,Saohai e-sports,ɴᴇɴᴇᴊᴀɴɢ,1207654676628594
1795,Saohai e-sports,⋅₊ིྀkir͜͡in˚ִ༘♡,3539659917558898
1796,Saohai e-sports,ɴᴀᴛᴋʀɪᴛᴛᴀ✧.*,1045855473960050
1797,Saohai e-sports,r4ynY,3749530407470194
1798,Saohai e-sports,MíntNY,3591914234512498
1799,SAVage CHiCken,คนเถื่อนนเรศวร,3492709147018354
1800,SAVage CHiCken,remote.,1841370658702450
1801,SAVage CHiCken,nongtemduang,4562714685015154
1802,SAVage CHiCken,†༙྇vesrucz,3125172488045682
1803,SAVage CHiCken,สวัสดีสิริ•,2806395384824946
1804,SaWaDiKa.,blackbluez,542851117286514
1805,SaWaDiKa.,ྀིྀིྀིྀི?꒰｡⋆ʜɪɴᴀᴋᴏ˚✿ˎˊ˗,609219971843186
1806,SaWaDiKa.,ติ๋มเองง่ะ˚✿,930378231776370
1807,SaWaDiKa.,Nori•○°~°●•,5160926185718898
1808,SaWaDiKa.,NASANI,764400629908594
1809,SBAC E-sports Girl,ŵyᴠᴇʀɴ,197209866044530
1810,SBAC E-sports Girl,หลบไปเตี้ยจะเฉิดッ,3139636931265650
1811,SBAC E-sports Girl,ᴋᴀᴏᴠᴇxメ,3388547264611442
1812,SBAC E-sports Girl,໒ᴍᴇʟ͜͡ᴏᴅʏა.♡,3409535427609714
1813,SBAC E-sports Girl,เเว่นมัทฉะ,3447434219029618
1814,Scarlet Diamond (SL),Æ_BW,3110149497750642
1815,Scarlet Diamond (SL),ᴠᴀʟᴅʀɪɴˎˊ˗,4494039433020530
1816,Scarlet Diamond (SL),คุณหญิงหมูเด้ง,5894956766135410
1817,Scarlet Diamond (SL),ตัวฝันร้ายrov,5401863851803762
1818,Scarlet Diamond (SL),koshiprang007,3711069445096562
1819,ScobydooPapa,เบบี๋ตีป้อม:3,1163540597769330
1820,ScobydooPapa,Choppa/̵͇̿̿/’̿’̿,1129035434493042
1821,ScobydooPapa,iceyumyum,2967094203450482
1822,ScobydooPapa,✿novemgalྀིྀིྀིྀིྀི,3446384636396658
1823,ScobydooPapa,ฝันร้ายทีโอเอ้ม,1808634552190066
1824,Section Five,ᴡ†༙༙྇ʜ·ʀᴏ͜͡ᴍᴇᴏ࿐,457127328154738
1825,Section Five,tidddtiii,257911578362994
1826,Section Five,ׅ֯༨†༙۪྇makuri★༙྇༱,396507689976946
1827,Section Five,เห้ดน้อย,468233509602418
1828,Section Five,อายาโนะโคไม่จิ,4779118826816626
1829,SEIJAIMAI,ᴢʏʙᴇʀᴢ,4237738534700146
1830,SEIJAIMAI,Baihua白花,3461341256025202
1831,SEIJAIMAI,evanescence,3611325741859954
1832,SEIJAIMAI,֯₊◌ʚּׅხ͜α͡ხeׂ✿י⁺˳,3633060558079090
1833,SEIJAIMAI,ᴋɪᴛᴛʏ⋆˚꩜｡,4681867681006706
1834,SELF-SERVICES,eiei.z,612049818420338
1835,SELF-SERVICES,NongNaT,3739959207068786
1836,SELF-SERVICES,ᴍʏ-ʟᴀᴍᴘʙᴀᴇジ,115912242037874
1837,SELF-SERVICES,Newbie ;),443409538155634
1838,SELF-SERVICES,มิใช่กิจของสงฆ์.,420902366020722
1839,SELF-SERVICES,sozy.,4560419024995442
1840,Sens Sivix,ʀᴀᴘʜᴀᴇʟツ,2520178898437234
1841,Sens Sivix,°ʚᵉˡˡᶤˢˢᶤᵐᵃ°,615970184037490
1842,Sens Sivix,Maybeℓy♡ྀི,3021716523779186
1843,Sens Sivix,ᴅᴇᴋᴅᴏɪ,4397261471810674
1844,Sens Sivix,ּ⁺sʜᴇɪs͜͡ɴᴀᴛᴋᴍ❦†༙྇₊ּ,1172824505123954
1845,Sens Sivix,เบอรี่ร่างอ้วนน,4739557614617714
1846,Sens Sivix,Luvchinchin♡,772623009252466
1847,Shadow Phoenix,ᴀᴋɪᴍᴀ,1016569299928178
1848,Shadow Phoenix,Vegasverycute,3667584310510706
1849,Shadow Phoenix,จุดจบพวก49,2798058249323634
1850,Shadow Phoenix,˖˚.ྀིᴊᴊxx͜͡ᴋᴜʙ♡აིྀ.˚˖,3163654925255794
1851,Shadow Phoenix,†⊹ʚ.ʏᴏᴋᴏ.ɞ⊹†,4445313901462642
1852,Shadow Realm,Kakashi_789,3636593504224370
1853,Shadow Realm,ⒼⒾⒼⒾシ,385665917453426
1854,Shadow Realm,กราบหนูไก่กุ๊กๆ♤,319284781974642
1855,Shadow Realm,อ้อมมมมมมมมมมมี่,4511519681479794
1856,Shadow Realm,justusername,3033910271476850
1857,Shoyu,ミWINTER,1048935770817650
1858,Shoyu,ミRAINY,249979042202738
1859,Shoyu,카에데하라,2951530382820466
1860,Shoyu,⁺˳⸝ℓׅαℓ͜eིྀოּo֯n✿˖˳ׂ,3368873898476658
1861,Shoyu,ᴠxяɪᴀ✿,3300693037483122
1862,Shoyu,❦,2911999503828082
1863,SIGMA GIRL,Jewelly,3804224735609970
1864,SIGMA GIRL,natalie.,3542327427794034
1865,SIGMA GIRL,Rośemáry,3263211596088434
1866,SIGMA GIRL,การแก้แค้นของยังเต่ว,3578671843705970
1867,SIGMA GIRL,Chèrrybõmb,932726773580914
1868,SIGMA GIRL,˚༘♡ᴋᴜʀᴏᴍɪ.⋆｡˚ꕥ,4675588036166770
1869,SILENT ELITE,เทพรินซ่าเล่นแต่เมจ,4152930513126514
1870,SILENT ELITE,ราเมงอร่อยย,3728150530032754
1871,SILENT ELITE,RETEL,5049099732845682
1872,SILENT ELITE,Haroldmy,1856940653347954
1873,SILENT ELITE,˚⋆?｡ღN0nG͜͡ოāყ✩♭.ᡣ?,5214066608112754
1874,Silent Valkyries,Pappapppp,397025300644978
1875,Silent Valkyries,คดีสยอง2รุม1,3343488494273650
1876,Silent Valkyries,ʆღʆʆɨρღρργ,312105274377330
1877,Silent Valkyries,¤『..¥v€s..』¤,421887792579698
1878,Silent Valkyries,PnutButterZ✿,132829983999090
1879,SILLY__GEESE,OHMIC,2951439248983154
1880,SILLY__GEESE,₊ִﾟ݁♪ʝεω͜͡ε༙༙྇ℓɾყ໒꒱ྀི۪֯‧,2118136606426226
1881,SILLY__GEESE,૮꒰ྀིhσѕh͜͡ιĸσɞ১ིྀ⋅₊˚,3373999337964658
1882,SILLY__GEESE,ǫɪᴍᴍɪᴇ.琴ིྀ,1587402800039026
1883,SILLY__GEESE,Jirawanmmjp_,2618976702235762
1884,Siren Nyx.,จ๋งปุ๊กกี้,1020874736206962
1885,Siren Nyx.,εო͜͡єlodყ໒꒱ིྀ˚.,2195363876504690
1886,Siren Nyx.,ฟังชินแจน,364190611211378
1887,Siren Nyx.,˗˚?ʀᴇɴ₊´ˎ,3086575831549042
1888,Siren Nyx.,มายมายมึงแต้,3096741012505714
1889,Sisaket Esports,1NK.,3090582901818482
1890,Sisaket Esports,Ryzrisheartzz,3712947486655602
1891,Sisaket Esports,bbmrs4ry,4270555507393650
1892,Sisaket Esports,نانامي,3687751262340210
1893,Sisaket Esports,ᴀʀᴀᴛᴀᴋɪ.,1857173655323762
1894,Sisaket Esports,so☆american,2175268798268530
1895,SIXOB3AUT,soulstealėrx,994060047418482
1896,SIXOB3AUT,Yuaenwo,1341181653091442
1897,SIXOB3AUT,ᴀʀɪ♡ˎˊ˗,834151100122226
1898,SIXOB3AUT,Xevz,1443794461590642
1899,SIXOB3AUT,supremevatis,2640376913658994
1900,SIXOB3AUT,ᴡᴀɴɴᴀᴇᴀᴛᴍᴏᴊɪ,651922013095026
1901,SIXOB3AUT,อย่ามาด็อกแด็กคร่ะ,178860423578738
1902,SixQi Esports,ʕ•ᴥ•ʔkomisan,500509651960946
1903,SixQi Esports,ไข่เจวกิมจิ♡,555470200964210
1904,SixQi Esports,ถังถังถังหูลู่,332983445947506
1905,SixQi Esports,เม็ดกาหยูคู่ชาติ,1669813156119666
1906,SixQi Esports,aaemchanz,2652090296108146
1907,Slay-cation,˚ ༘♡ ʟɪᴛᴛʟᴇᴍᴜᴀᴍᴍ,1344280807539826
1908,Slay-cation,mLiqueur,1565237681783922
1909,Slay-cation,֯₊^ིྀ◌ׅოi̫ℓℓeׂȶ۪აིྀיﾟ·,3276360974009458
1910,Slay-cation,limernyent,4142856667333746
1911,Slay-cation,anrose:p,3224696812405874
1912,Slay-cation,ยำงูสิงใส่ไข่,-
1913,SneakyWolf,Zek44,99480435360882
1914,SneakyWolf,X⠀EVENT,3595878824871026
1915,SneakyWolf,jqnesedenimz..,3324697743918194
1916,SneakyWolf,ㄴтнαηωαяαтㄱ,793935777825906
1917,SneakyWolf,°.ʚʍє͜͡ιøðყ♡,99607472440434
1918,snowlight,٭แหลมเจริญซีฟู้ด٭,1199419211056242
1919,snowlight,whyyousocute`,3855294312678514
1920,snowlight,imyourmiu`,3025170885444722
1921,snowlight,bunnii.,2499950609106034
1922,snowlight,คุนแทนไง,4026531840048073
1923,solmondiwa,֯₊⸝໒ིྀხּׅαხ͜͡ekּ֯αα۪✿ﾟ·,3561864831370354
1924,solmondiwa,̲̅P̲̅)ikačhuべ,235869135111282
1925,solmondiwa,ʚ˚su!♡ིྀa˳⁺,4561011260720242
1926,solmondiwa,♡┇Teerakメ²,3541521047684210
1927,solmondiwa,DΛRKSØULメ,4296648843002994
1928,SONICGOT E-SPORTS,Ｎａｏｍｉ♡ྀི,264395838129266
1929,SONICGOT E-SPORTS,ไอแดงมันเป็นหนักสู้,2727771579286642
1930,SONICGOT E-SPORTS,RenewCrying,226939898102898
1931,SONICGOT E-SPORTS,เอลซ่าหลุดเซิร์ฟ,2625706781770866
1932,SONICGOT E-SPORTS,.˚vιηcεྀི˚₊,3328918488810610
1933,SONICGOT E-SPORTS,zèɾαphim.沈黙,3010105549456498
1934,SONICGOT E-SPORTS,sᴘʜʏɴx,173754714096754
1935,SONICGOT E-SPORTS,AsriSent,480908427854962.0
1936,soundwave,꒰ᴄᴇᴏ.ᴍo͜͡ɴˎˊ˗,3108713636496498
1937,soundwave,เป็นคนสู้ชีวิตคร่ะ,3565091895313522
1938,soundwave,อยากกินไข่ดาวไหม้,4067906803663986
1939,soundwave,Fzr_qix,4080502533457010
1940,soundwave,.˚?૮ཾяσմl͜͡єттє✿!ೄ,35168322367707250
1941,soundwave,อะหยังวะ§,5106750743315570
1942,soundwave,꒰⁠⑅sᴏғɪᴀ⑅꒱⁠˖⁠♡,4867267527640178
1943,SPY SQUADY,หมึกกระตอยสายลับ,497337684395122
1944,SPY SQUADY,แมวน้ำสายลับ;),2480979805668466
1945,SPY SQUADY,อูฐสวรรค์สายลับ,628740665312370
1946,SPY SQUADY,หมาแดงสายลับ,661105391371378
1947,SPY SQUADY,ยีราฟฟสายลับ,168867376858226
1948,Star Dream Esports,HaKU,107512561075314
1949,Star Dream Esports,yewsh,4681695077008498
1950,Star Dream Esports,Godmin͜͡e˚ʚɞ˚,197249594492018
1951,Star Dream Esports,alyse,962082203960434
1952,Star Dream Esports,sharon.,870261977187442
1953,STAR REQUIEM,`ᴋᴏᴋᴏᴀ,1713280238421106
1954,STAR REQUIEM,ᴍᴏᴊɪ ☻,5017675537515634
1955,STAR REQUIEM,หุบปากอีแก่,386345730245746
1956,STAR REQUIEM,P.SHSN,5328700828746866
1957,STAR REQUIEM,Xcesxng.,3879892798342258
1958,STARFIRE-G,เฟไม่ชอบเมจ,438438583272562
1959,STARFIRE-G,ꌚꐇꏸꑛꋫꁕꋫ_ꁒ,505692133983346
1960,STARFIRE-G,김이수,4905340466562162
1961,STARFIRE-G,ปิ้ปๆ~,3903296410682482
1962,STARFIRE-G,ยีใบด้วยใจรัก~,517684219544690
1963,STARFIRE-G,ศร’ พรรณมัย,936547549643890
1964,station,ˋძeniα♡ིྀ,3192774736413810
1965,station,˖°ɴɪᴄᴀsɪᴏ°˖♡,990581392344178
1966,station,Æ.Songfong,2234105421038706
1967,station,‧₊˚໒ᵐᵉˡ͜͡ʸⁿ★ა˚₊‧,2783066196214898
1968,station,ᴊɪɴʜsɪ,5896353972683890
1969,station,jaoith,1291687590823026
1970,STAYMAD,JennieeX,361045487191154
1971,STAYMAD,ᴄʜᴀʏᴇɴ_ɢɪʀʟ,339547967915122
1972,STAYMAD,CAREBEARS,241488227402866
1973,STAYMAD,แก้มโตเบื่อจะแบก,1169257400566898
1974,STAYMAD,♡ƒαrмѕρr♡,600875320149106
1975,STOU ESPORTS,˚ʚNαttiaɞ˚,1973618405999730
1976,STOU ESPORTS,֯ ׅ◦†༙۪྇ʀᴇ͜͡ᴀ༙྇ʟʟʟᴄʜᴇׅʀ͜☆༙ˊ,227200750257266
1977,STOU ESPORTS,ʚʍɥıʇǝɞ,2613916022801522
1978,STOU ESPORTS,เอ้า!!เอ๊อะ?!เอ๊ะ??,2133069939278962
1979,STOU ESPORTS,GodDamnX,293870722286706
1980,SugarRush,TF87+13=100,1282497904313458
1981,SugarRush,มีแฟนกี่โมง',4431580609315954
1982,SugarRush,€หัวหน้าป๋องแป๋ง•~,188581880726642
1983,SugarRush,໒ིྀყּ͜͡oυrׅხx̫ხ֯eּ♡ིྀ₊,4312102873531506
1984,SugarRush,RoronoaZoro.€,4804652877153394
1985,Supernova luv,˚⋆ƨu͜͡иғloωεя´?༘,614760479655026
1986,Supernova luv,˚̥*❀αzυѕα❀*̥˚,845364051772530
1987,Supernova luv,misα︎,2843937693959282
1988,Supernova luv,८֯˳mαsαrׅu˳ּ♡֯ა,427955843171442
1989,Supernova luv,ʟǐʟíᴍèɪᴍeɪ,514561711211634
1990,Supernova luv,ICUrMonster♡,321437500114034
1991,Supernova luv,anothersa,3565857339016306
1992,SuperShine,ปีศาจหมูตู้,1286217547318386
1993,SuperShine,‎↼ֺ྇͜ᴍ̷ᴀ༙ᴛ͡ᴛʜᴇᴡ͜†ּ༙྇,3346807497360498
1994,SuperShine,คริสตี้มารูอี้,3490634006725746
1995,SuperShine,มาเจียวไข่,4127720195949682
1996,SuperShine,basenbesei,3784714712450162
1997,Sweet girl,SG:NONAME,2890330320077938
1998,Sweet girl,✿ที่รักขoงม๋ๅเด็ก♡,405702946522226
1999,Sweet girl,梅麗娜,1465138167350386
2000,Sweet girl,Nithiphat^^,69679133688946
2001,Sweet girl,•ยูกิแมวส้ม•,3854648322753650
2002,Sweet girl,SG_ข้าวจ้าวคั้บ!,4755639582786674
2003,SWEET KILLERS,ᴋᴊ┊ชอบกินขนม,2987517578249330
2004,SWEET KILLERS,Ｂａｂｅ.,4098752252150898
2005,SWEET KILLERS,SmurfTWO,3768831990498418
2006,SWEET KILLERS,Jwpee,3033240659231858
2007,SWEET KILLERS,ดิกซี่อินโทรเวิร์ด,2378940509521010
2008,SWEET KILLERS,♪───Ｏ,3624520418264178
2009,SWEET KILLERS,ก่อเหตุแค้นมายเมโลดี้,184632524080242
2010,SWEET KILLERS,ᴋᴊ┊ชอบกินกะเพรา,2081857621656690.0
2011,SWEET SIN,beginnerlord!?,2751206330139762
2012,SWEET SIN,ไม่ไหวนะะ,2138181554340978
2013,SWEET SIN,Elizentt,5820124745630834
2014,SWEET SIN,jaoarja,2058435084616818
2015,SWEET SIN,Arearita51,68683103929458
2016,SWES_STARLIGHT,เพ้ขอนาตาย่าก้อนนน,4258285859570802
2017,SWES_STARLIGHT,BroRelax,4915950109525106
2018,SWES_STARLIGHT,Kxirti_13thmuk,4901628272641138
2019,SWES_STARLIGHT,รู้จักแมวมั้ย?,3514972445541490
2020,SWES_STARLIGHT,พิดชะยา,4308416986285170
2021,SWES_STARLIGHT,ᴢᴇsᴏ͜͡ᴢxˎˊ˗,4126712556356722
2022,Swk Girls,ตอมรักเเฟนน,3341507373499506
2023,Swk Girls,ติ๋มยิ้มหวาน``,3646369789314162
2024,Swk Girls,[Spy×เเมวน้ำ]​,3754419422430322
2025,Swk Girls,รักเมนมูราดที่สุด,4974992622290034
2026,Swk Girls,โกรธไรอ้วร,3492997580915826
2027,Swk Girls,ハグハグ♡,5214570327245938
2028,Swk Girls,Mátthēw.°,3371083524932722
2029,Sympathy,逸晨.,144968702428274
2030,Sympathy,Sᴛᴀɴx͜͡ᴇɴᴏˎˊ˗,3379237922997362
2031,Sympathy,ผู้ล่าคือโจ๊กคะเนียง,783896425989234
2032,Sympathy,₊໒꒰ʝαྀིѕмιи˚ׅɛ⁺꒱ა˳,3203827499205746
2033,Sympathy,ciggod,1333371724825714
2034,S_Spectrum,บูนี่บัน,4471291541390450
2035,S_Spectrum,น้ำเย็นหัวใจซาโตรุ,2020367917057138
2036,S_Spectrum,บังไคดาโยะ,1194514559730802
2037,S_Spectrum,meowmini,262240569853042
2038,S_Spectrum,Rawιྀིchandesu,381340952495218
2039,T5 x ปีศาจหมู,?࣪˖ִֶָ.?་༘࿐‎ꫂ᭪݁,3913656475780210
2040,T5 x ปีศาจหมู,ทักษิณเกมมิ่ง¡¿,5015230828708978
2041,T5 x ปีศาจหมู,パニトピチャ,4346431406277746
2042,T5 x ปีศาจหมู,เค้าเล่นป่าไม่เป้นง่ะ,5236457346368626
2043,T5 x ปีศาจหมู,王路傑:)?,4928568052352114
2044,T5 x ปีศาจหมู,☆~Plaikhem~☆,5173103961506930
2045,Tako-ตะโก้,นะพัดเตีย,3548260589569138
2046,Tako-ตะโก้,ᴋᴡᴀɴᴄʜᴀ,4411048249721970
2047,Tako-ตะโก้,咲`saྀིki,3543139646375026
2048,Tako-ตะโก้,ซาเซียตัวฮาแรงค์ไทย,3888588630721650
2049,Tako-ตะโก้,alvise`,1823869472277618
2050,taoping,ตุวปิ้งง,400644011918450
2051,taoping,หนวดแง้ว,4566078248387698
2052,taoping,กล้วยปิ้งราดสังขยา,916780969297010
2053,taoping,มะปุ้ด,267337018311794
2054,taoping,คึกคะคองคลอง19,4176289565181042
2055,Team Mazz,เอสนายชายแท้,113810526635122
2056,Team Mazz,Mazzii,1116365817840754
2057,Team Mazz,chappiw,202727959495794
2058,Team Mazz,ChakU.,2708252295103602
2059,Team Mazz,Athanasia.,2304219017315442
2060,Team Mazz,Dzyyyyyy,410149781177458
2061,Team Mazz,reze..,5415752769406066
2062,Testy Storm,ׂ ₊ʚĸყoིྀĸo,2921293074859122
2063,Testy Storm,ᴅᴏʟᴇʟᴏᴛ.ɴ,1037432103568498
2064,Testy Storm,-✿·°•ˢᶜᵃʳᵃᵐᵒᵘᶜʰᵉ•°,166627685631090
2065,Testy Storm,「･ﾟ*ᴇʟɪᴢᴇɴᴛᴛ*༉,3537747046499442
2066,Testy Storm,KMRツ,226767830975602
2067,The Angry Crew,เพลินต้องรอด,1788312780211314
2068,The Angry Crew,nanix9,4946967088268402
2069,The Angry Crew,pn_✻,3221760732497010
2070,The Angry Crew,=Supply,1242616985486450
2071,The Angry Crew,.+NAWACHAN✿゜,3280869884363890
2072,THE ECLIPSE,艾琳..,3598809401853042
2073,THE ECLIPSE,linkinbest,4666468344202354
2074,THE ECLIPSE,wNina414,5884260217193586
2075,THE ECLIPSE,(안녕하세)♡,4463582880400498
2076,THE ECLIPSE,m._mtxd,3595270080365682
2077,THE ECLIPSE,林心心,4297869888783474
2078,THE ECLIPSE,หมูเด้งจะครองโลก^^,5201092652762226
2079,The Empress,ᴘᴇᴘᴏɢᴜᴍᴍʏ☊,980375476307058
2080,The Empress,.˚ᴇ͜͡ʟʏsɪᴀ✿*ﾟ.,428702966154354
2081,The Empress,Muaycheqz,4535630419919986
2082,The Empress,DomTods,3232300917785714
2083,The Empress,˳ׅ˖໒ིྀׅო͜inʝe̫֯nּ♡ׂ⸝ﾟ·,4199199390499954
2084,The Empress,Peekaboo@-@,4750955585406066
2085,The Endless,NOZOMINARI,258594746598514
2086,The Endless,ᴄooʟcᴀᴛ,1181166808007794
2087,The Endless,CHARAON,1900225467974770
2088,The Endless,AngAram,1428659735037042
2089,The Endless,zo_ey,2831777903346802
2090,The Mystics.,หมูกรอบ✿ツ,3205375633589362
2091,The Mystics.,⋆.°si͜͡n.༊⋆°.ೃ࿔,108147209602162
2092,The Mystics.,˚ׅხinּׅηྀིi༷e˚ּ₊♡ྀི,3625390820230258
2093,The Mystics.,แมวเหมียวสีครีม,447247158543474
2094,The Mystics.,ʟᴜᴄᴀᴢᴇʀʙ'x,3446716691055730
2095,The Mystics.,ׂ˳ׅnׅic͜͡нαρ֯α͜☆ིྀ⸝ﾟ·,485684498596978
2096,The Powerbuff ก่อน,หนูจะเล่นแครี่โรม,329815840457842
2097,The Powerbuff ก่อน,มัมหมีชูวั้บ,4036299199808626
2098,The Powerbuff ก่อน,โหย่ไว๊โม่(⁠~⁠‾⁠▿⁠‾⁠)⁠~,349978430211186
2099,The Powerbuff ก่อน,หมูอดทนน,786896930407538
2100,The Powerbuff ก่อน,sydneyบ้านอ้อย,37583379778878
2101,THUMP!,⌒tingywingy•ᴥ•,181573702059122
2102,THUMP!,hoshi.*,426076660761714
2103,THUMP!,—tofuuw••’—,319319745692786
2104,THUMP!,Teddytweetty,284450382611570
2105,THUMP!,LuckyDOG,260261395235954
2106,Thungpo,⇀.·Ma͜͡riʆყn༙༙྇‧₊˚,3342226713412722
2107,Thungpo,ꜰᴀᴊᴀᴀ,3038945516651634
2108,Thungpo,หวานจะลบเกมทิ้งละ,2842736042640498
2109,Thungpo,*° +ᴋᴏʜᴀʀᴜ*.,3513922930017394
2110,Thungpo,˚₊‧꒰cєlιηє꒱‧₊˚,4177369615238258
2111,Thungpo,อออายดิ,3055500736529522
2112,Tikki67,◌˳*^ྀིnυֺ͜7༙྇ȶ۪ȶx†ֹ༙ׅ྇⑅᜔⇀,3743044738417778
2113,Tikki67,ᴍᴏo͜͡иʟi͜͡ɢh͜͡ᴛ✿,3516401730126962
2114,Tikki67,ฮานอยฆะจอญ69ห์,3549978643596402
2115,Tikki67,ғʙᴀ͜͡ʟʟɴᴊˎˊ˗,1413190135252082
2116,Tikki67,เหยากวง,3642352988259442
2117,Tiny Terror,ซูชิแพนกวิ้น,1448128553354354
2118,Tiny Terror,ℂհєєƨєςΔӄє,274224132588658
2119,Tiny Terror,ᴘʜᴀᴛᴘᴀ.,3357146423166066
2120,Tiny Terror,⁺ཫིׅᴍ͜͡ᴇ༙྇ᴅɪ֯͢ᴀи۪★༙྇˟ׅ,2693142667265138
2121,Tiny Terror,Seraphine^^,2459134729585778
2122,Tiny Terror,IreneW,1036014697251954
2123,Tiny Tigers,Celeste`,1341864016020594
2124,Tiny Tigers,Jzenn,826300638102642
2125,Tiny Tigers,피막,2918896415999090
2126,Tiny Tigers,ทาโร่ชอบกินหนม,1568070883804274
2127,Tiny Tigers,ladie ୨ৎ,870305597949042
2128,Too Luck Too Lay,lemonnkt,3274929273504882
2129,Too Luck Too Lay,ʍє͜͡яιαˎˊ˗,525333623407730
2130,Too Luck Too Lay,zzzelen,2382881276232818
2131,Too Luck Too Lay,キラニズ,1228187371766898
2132,Too Luck Too Lay,•ไดโนโยนเกมมม‘,596560421520498
2133,Too Luck Too Lay,Lookkadeplay,673055735219314
2134,Tower Zoom,ᴋᴇᴇᴘ:ꜱɪʟᴇɴᴛ,675474204460146
2135,Tower Zoom,OMUandCo:^D,4361682835145842
2136,Tower Zoom,ᶜˡᵃⁱʳᵉˣ,641903934768242
2137,Tower Zoom,AlwaysWonder!,5258106531677298
2138,Tower Zoom,กาปุกกกกก,595856516646002
2139,UBU Esports,֯₊⸝ĸ͜͡αּoׅғн̫αིྀn֯g✿⸝ﾟ·,1435488800146546
2140,UBU Esports,Ibxzbebi,1820926748591218
2141,UBU Esports,ʏᴜᴜᴛᴀツ,912635117896818
2142,UBU Esports,quinnz`,2547500393366642
2143,UBU Esports,ɢᴜɴᴅᴀᴍ.ᴄ,2417630984209522
2144,UBU Esports,°`หมาแซลมอน❀*,605592133764210
2145,UDES-Girls,Nt_kp,196580519117938
2146,UDES-Girls,Kp_n:),5219339418666098
2147,UDES-Girls,มาแจกให้แบกคงยาก,5066007341368434
2148,UDES-Girls,ลึกลับ:,3887156124910706
2149,UDES-Girls,ꕥb͜͡unny҉,3020302338688114
2150,UDES-Girls,ชอบเมนอาย่าครับ,3656231973749874
2151,UDES-Girls,EXPUNGED,3782848750486642
2152,Ueay Si Ao (เอื้อยสิเอา),เอิร์นเอง★,1937991786497138
2153,Ueay Si Ao (เอื้อยสิเอา),ωѕαѕ₁₁₂₁♡,1240965503452274
2154,Ueay Si Ao (เอื้อยสิเอา),Gisele♡.,3446304843957362
2155,Ueay Si Ao (เอื้อยสิเอา),Qher_bel'r.,4371408184607858
2156,Ueay Si Ao (เอื้อยสิเอา),จะทำก็ทำนะคนดีห์,2555087318877298
2157,Ultra Smooth,°Tuna°,2977977784796274
2158,Ultra Smooth,ᴊᴀᴏᴘᴇɪ,3480641899529330
2159,Ultra Smooth,Zalis^0-0^,883357198255218
2160,Ultra Smooth,ดังโงะ_เหนียวหนึบ,3782885257708658
2161,Ultra Smooth,ᥫ᭡ʟᴏᴏᴋᴘᴇᴀʀ?❀,1691791577515122
2162,Ultra Smooth,Carinxia,5687260133655666
2163,Ultra Smooth,໒ྀིʂαm͜͡ɱყ‧₊♡,5125162529916018
2164,Unbeaten,emi｀,3375238838682738
2165,Unbeaten,aorizenka911’,3060865821770866
2166,Unbeaten,˚₊꒰აsᴍ͜͡oĸë໒꒱₊˚,1145869558809714
2167,Unbeaten,Z1fx,3675230426039410
2168,Unbeaten,⸝ׅ֯⁎૮꒰ྀིოɪ͜͡ew꒱ა₊♡ˎˊ˗,3803726586512498
2169,Underdog Aurora,Maryou,710117075125362
2170,Underdog Aurora,realjunkaoey,4335994702857330
2171,Underdog Aurora,Samoyed,3266654951900274
2172,Underdog Aurora,XENONxz,1893029183161458
2173,Underdog Aurora,Puifaii1Puii,438523006223474
2174,Underdog esport,majezty´,533080456332402
2175,Underdog esport,тιяαмιѕυ,799314486166642
2176,Underdog esport,Affarain,99989590312050
2177,Underdog esport,zeyden,2877510782223474
2178,Underdog esport,ใจเย็นแคร์ฟังอยู่,2642638683702386
2179,Unknown,ธัดเดอัส?,3534970618578034
2180,Unknown,•_•เด็กอ้วงงง^_^,2991059651200114
2181,Unknown,ชินจังจอมจ้น,4771489354286194
2182,Unknown,หนูยังกินนมแม่อยู่,3809205018625138
2183,Unknown,"น้ำอุ่นเด็กอ้วนน,",5508382798840946
2184,Valerique,Yukoˎˊ˗♡̶,3093831105053810
2185,Valerique,Karncute,2893284653597810
2186,Valerique,สกายตัวกลมๆ,73831964410994
2187,Valerique,Mingza38,1403699868140658
2188,Valerique,cʜéri†,4042335507907698
2189,Valerique,ʕ•ᴥ•ʔ↭ʕ•ᴥ•ʔ,298357620933746
2190,Valkyrie Queens,s͜ᴅ͡ᴍ┇₊˚atlas✞,3273857477837938
2191,Valkyrie Queens,s͜ᴅ͡ᴍ┇₊˚ᴏᴘɪᴜᴍ†,1133213699474546
2192,Valkyrie Queens,วิ่งแลกแซวม่อน,1188002315568242
2193,Valkyrie Queens,s͜ᴅ͡ᴍ┊˙sɪ͜ɴ͡ɴ֯ᴇ͢ʀs͜★,4761432822580338
2194,Valkyrie Queens,s͜ᴅ͡ᴍ┇₊·ꜰɪᴏɴ͜͡ᴀ༉˳ֺ,4805683132433522
2195,Valkyries,หมูทอดดดดดดดด,339828013204594
2196,Valkyries,PAsri,2929978371146866
2197,Valkyries,˚⋆☽₊ᴢᴇʟᴇɴɪᴀ༊˚⋆,1767037122839666
2198,Valkyries,p0rs__s22,2955268682089586
2199,Valkyries,.ใจเย็นนะพี้ๆ.,2904975755904114
2200,Valkyries,ชลลี่อยากเป็นดาว,5862947717055602
2201,VALYRA,ׂ˳˖fּׅᴜིྀყυ͜ო͡i໒꒱י₊ׂ,4026531840107459
2202,VALYRA,✧Libraa,274024215282802
2203,VALYRA,pangsupree,92152818500722
2204,VALYRA,Churos,3831611930117234
2205,VALYRA,เอ็มออนิว๙๙,1324848295117938
2206,VALYRA,Yuwrwes,4846177560495218
2207,Vanilla Glaze,☆IƳĄ♡,2816448024216690
2208,Vanilla Glaze,♡민태연♡,787769815401586
2209,Vanilla Glaze,Ailleen,3152642293564530
2210,Vanilla Glaze,hyacinthia`,289805401523314
2211,Vanilla Glaze,ผมเล่นแต่เทลคั้บผม,645153815725170
2212,VARECRAZY,NongMiki,589120732857458
2213,VARECRAZY,afterGlow,2277106566497394
2214,VARECRAZY,00:79,3907241875014770
2215,VARECRAZY,*꒰ʙᴀʙʏᴡᴇᴀᴛʜᴇʀ꒱,711130486080626
2216,VARECRAZY,*꒰ᴍᴀʀᴤ꒱,3477716221494386
2217,VBAC x LYNX ESPORTS,P1nkfuryy,378807123117170
2218,VBAC x LYNX ESPORTS,.˙˚ʚᴘᴀᴡᴇᴇɞ˚˙.,645957511480434
2219,VBAC x LYNX ESPORTS,JJAI,499567040857202
2220,VBAC x LYNX ESPORTS,UZUMAKl,2386504282473586
2221,VBAC x LYNX ESPORTS,˖꙳◦turquoise,3280331402839154
2222,VBAC x LYNX ESPORTS,Cekzarlnwsus,3341504823362674
2223,VBAC x LYNX ESPORTS,₊✿ᴍɪʟʟɪᴍᴇᴏᴡ^ིྀ⁎,4238659335423090
2224,VELVET,วัตถุวีนไว{*•*},697943057433714
2225,VELVET,SANisDOLIA,1016205972538482
2226,VELVET,ᴊᴀᴏɴᴀмッ,528435462210674
2227,VELVET,ปลาปิ้งค์,988168828683378
2228,VELVET,Rat__tikarn,1342487524476018
2229,VELVET,เขียวบีบ,1305344311755890
2230,VELVET LADY,₊˚べび๋ちゃん♡,317023481693298
2231,VELVET LADY,แมวเค้าน่ารักมั้ย,609563770553458
2232,VELVET LADY,˳·ིྀ໒ׅni͜n͡i♡ིྀაיﾟ·,2907826875991154
2233,VELVET LADY,namkekhuy,276753398563954
2234,VELVET LADY,pon_F,416729268421746
2235,Velvet Reign,Moosabb,2906428797027442
2236,Velvet Reign,ฟาฟ่าฟ้าฟ๊าฟ๋าาาา,3221297815553138
2237,Velvet Reign,Hopperpipipi,4865690871989362
2238,Velvet Reign,JEXNA,3374258847941746
2239,Velvet Reign,˚₊꒰აʙσ͜͡тαɴ໒꒱₊˚,3445971044467826
2240,Velvet Venom,Jannyx,2163030490285170
2241,Velvet Venom,รักตี๋ไม่ทิ้งติ๋มมมมม,3279091298141298
2242,Velvet Venom,Babyjxunie,2546816352715890
2243,Velvet Venom,ลาเบล:p,3747477882864754
2244,Velvet Venom,ไอรินเทพซ่า007,2669070583530610
2245,VELVORTHAR TEAM,bbychia.,4380282929218674
2246,VELVORTHAR TEAM,เฟอรี่ชอบกินชาเขียว,967142816285810
2247,VELVORTHAR TEAM,Ei!ase’,2849096352334962
2248,VELVORTHAR TEAM,RSU.Heartless,622600271365234
2249,VELVORTHAR TEAM,Zenโซ,2247550145070194
2250,VELVORTHAR TEAM,JiāLì౨ৎ,4284200350057586
2251,VELVYN,อึ่งไทยจะไปอวกาศ—⠀✦,2039181819970674
2252,VELVYN,โยนเกมไปขี้!,3282423119021170
2253,VELVYN,ข้าวต้มไม่ต้ม,1595846235980914
2254,VELVYN,<b>ყє͜͡ʍιᴋø</b>,3286743117923442
2255,VELVYN,⁺ּ˳^ּྀིm͜ཾiℓiׅɴּ͡★༙྇⁺ּ,2994126459176050
2256,Venoby,ѕнσυ,610543828403314
2257,Venoby,คุณอาว♡,308978605294706
2258,Venoby,Serivyn,439643522925682
2259,Venoby,˚ᴀᴘʜʀᴏᴅɪᴇ–★,530240422216818
2260,Venoby,มวยก็เล่นเหลือเล่นมึง,911002761888882
2261,Venoby,Mandarieʕ⁠·⁠ᴥ⁠·⁠ʔ,135972088120434
2262,Veteran Queens,Wiwii,85239665984626
2263,Veteran Queens,꧁ɢᴜɴ꧂,361810528240754
2264,Veteran Queens,Snow_Knight,1801504772260978
2265,Veteran Queens,ოҽ۫ω͜ȶω۪σ,2607620338943090
2266,Veteran Queens,ρʏммɨɛ,897982836966514
2267,VIBE’e,chaniii26,1139088744973426
2268,VIBE’e,chaa.yennʚɞ,1805169184670834
2269,VIBE’e,ใครก็ด้วยช่วยด้าย,1362828892243058
2270,VIBE’e,ᴘʀᴀᴇ^,1393829563532402
2271,VIBE’e,กลัวโกโก้,1681240587699314
2272,VINXIE,saimailuvcat.۶ৎ˖,3709725053224050
2273,VINXIE,˖°mu͜͡kiya⁺,4193118052353138
2274,VINXIE,⋆ᎷᎾᎷᎥᏝᎴ໒꒱˚｡,4108550884492402
2275,VINXIE,FernqIda506,5877632277349490
2276,VINXIE,ติ๋มอย่าทิ้งตูน,3897614504494194
2277,Violet Encounter,1500พี่ว่าไงจ้ะ:,353601100907634
2278,Violet Encounter,Homura⁰⁸,1650759607452786
2279,Violet Encounter,nnamtanzz,3313320845313138
2280,Violet Encounter,Zanต้า,1690339878569074
2281,Violet Encounter,amiki_ii,3106517700248690
2282,Visienda,shawty♡,866217929933938
2283,Visienda,luvicebears,2852964373038194
2284,Visienda,YES.Miki,470362873857138
2285,Visienda,JaIfu,4543970776646770
2286,Visienda,Lê‎⠀XanĐơ,2853994561209458
2287,Vita,ׅ֯◦†༙۪྇永遠の闇͜☆ི༙༡ˊ,4807189390886002
2288,Vita,˚｡໒꒰˖nanette:̥აྀི˳ֺ-,5095325325001842
2289,Vita,ᴋᴀᴊ͜͡ɪᴛᴏ︎ˎˊ˗·,4333755212956786
2290,Vita,ׅ֯◦†༙྇jaּ͜͡o༙྇soּּׅul☆ི༙༡˳ˊ,5657982214014066
2291,Vita,Lùmina,653985342227570
2292,Vixen,†˳‧༏ᴘєʀ͜͡s༙྇ᴛᴛʏ༏‧˳⁺,4857497148130418
2293,Vixen,かげ山飛雄,2993546907026546
2294,Vixen,°•.いつき.•°,3490199208395890
2295,Vixen,ซามอยด์เลิฟเว่อร์,4661738310141042
2296,Vixen,｢老婆｣-⋆ʚᴍεʀ⋆໒꒱₊,583995024934002
2297,VIXEN esport,*.•ɴɪᴄᴏᴛɪɴ`•*.,967447020766322
2298,VIXEN esport,แต่ว่าวันนี้ไม่มีเธอ,638699150967922
2299,VIXEN esport,YOUMIKO’S,1909789890380914
2300,VIXEN esport,໒ྀི˳ֺɾin̼n͡ყ⸝⸝ֺ໒꒱ྀི֯₊ּ,365715391710322
2301,VIXEN esport,֯₊◌໒ིྀׅოo͜ɾ͡iɾυׂ̫n۪✿ིྀי˳ׂ,2461203830080626
2302,VIXEN SQUAD,bambiezzbkt,695371982636146
2303,VIXEN SQUAD,ᴴᵒᶰᵉʸᴮʳᵜʷᶰ,405322774807666
2304,VIXEN SQUAD,sssᴜɴɴʏ,3267197594174578
2305,VIXEN SQUAD,ssɴᴏᴡᴡʏ,2286101100430450
2306,VIXEN SQUAD,隻胖熊。,344369270031474
2307,VIXEN.2,‧˚꒰.ᴍᴇᴏᴡ_ʏᴜᴋɪ˚.,827865012831346
2308,VIXEN.2,ᴄʀᴇᴢᴛᴇ̀ʟ,3019379726025842
2309,VIXEN.2,•ׂ˳⸝༏ׅx̸͜͡ʏׂ҇҇ʀּ̼༙ᴇ྇₊֯*,2852235369448562
2310,VIXEN.2,Senluvcat,498926419641458
2311,VIXEN.2,อย่าว่าพ้ม╥﹏╥,1294914050786418
2312,Vogue,เจ๊สี่ผู้มีสี่ตา,1052474823869554
2313,Vogue,กัมมี่แบร์เอง:),1096364423578738
2314,Vogue,จ๋านั้นไง,2656083541951602
2315,Vogue,ᴢʜᴇɴʏᴀsʟᴀᴠɪᴄ.-,1143465719301234
2316,Vogue,ปีศาจดา^^,2163958941418610
2317,Vogue,:ׅ֯༝ཌི۪sʜ༙྇͜x͡ᴅᴏׂ͢ᴡz̶͜ϟ༙྇⇀,2797203349505138
2318,VOID5 BOSS,บะบะบะบ้อกบะบะแบ้ก,3462431305303154
2319,VOID5 BOSS,Jr_2px,3830692337353842
2320,VOID5 BOSS,derbydesu`,128901229773938
2321,VOID5 BOSS,บ่าโคยฮาฟ,2729317431968882
2322,VOID5 BOSS,เสี่ยววาวา,2874175740118130
2323,VULKAN1,SheDo,6118675639895154
2324,VULKAN1,Sh4d0wPang,4107949656179826
2325,VULKAN1,Zipno.1,2347363507307634
2326,VULKAN1,ᴄʜᴀɴ-เจ้า☽,549594484376690
2327,VULKAN1,♡Friendly♡,886707205637234
2328,Wagill A yang,OPANIA!,3179361150895218
2329,Wagill A yang,วากิลa4,3807085720700018
2330,Wagill A yang,วากิลa8,2767609414222962
2331,Wagill A yang,วากิวa2,4326761932457074
2332,Wagill A yang,tanwaInwza007,4724780242764914
2333,What’s,เมล่อนจุ้บ,4084675631055986
2334,What’s,Chaeyeon,734785018463346
2335,What’s,Timealtersall,4599320355734642
2336,What’s,ไม่ใช่เม้วลี,481418321003634
2337,What’s,ถอดสมองเล่่น,59820291096689
2338,White leghorn,ไก่ยอดนักสู้,371220466041970
2339,White leghorn,ᴇʟʏ่ꜱɪᴀ,875481905955954
2340,White leghorn,เคยเห็นแมวมั้ยシ,3503683258221682
2341,White leghorn,อ้ายมียาพาราบ่,817699496330354
2342,White leghorn,Moominnˋ,802267141964914
2343,WILA,♡Crєɑʍßlue•ᴗ•,400975127053426
2344,WILA,༊*·แมวหน้าไหม้ϟ,577960730100850
2345,WILA,✿ᴊᴀsᴍɪɴᴇ,999396812719218
2346,WILA,₣R.คุณท่าน,389925384160370
2347,WILA,PARABOLA.,682203612906610
2348,Winx,Pᴀɴᴅᴏʀᴀッ,1977534543758450
2349,Winx,ᴊᴘɴ.ʜᴇʀsʜᴇʏᴢ♡ིྀ,2999301760550002
2350,Winx,ოαოαʕ◔ᴥ◔ʔ,4576825397412978
2351,Winx,BAC_kimmark,3674242919105650
2352,Winx,ชาเรา,3420339283625074
2353,WITCHES,Skyyks,309889541014642
2354,WITCHES,Fupfip.,313058958443634
2355,WITCHES,Leemin;”),4625870568490098
2356,WITCHES,SIDAJK,361721743213682
2357,WITCHES,imggg,2843658722411634
2358,xforce.maedooyou,softbysear,3140373115503730
2359,xforce.maedooyou,Subt1e,1686094974485618
2360,xforce.maedooyou,Swithcyy.♡ྀི,2791086376551538
2361,xforce.maedooyou,chaynn,4130202485720178
2362,xforce.maedooyou,ᴀᴍʟʏᴇǫ.想你喔,2190160389407858
2363,xforce.maedooyou,fanglynnz´,685781253555314
2364,YA THAM NU LOEI KHA PHI,ʙᴀʙʏ.ʚqυĕєnɞ,4084136948204658
2365,YA THAM NU LOEI KHA PHI,Graceop,966113164985458
2366,YA THAM NU LOEI KHA PHI,ˏˋ꒰ρα͜͡ɴɢ°꒱ྀི✰₊,2090714985071730
2367,YA THAM NU LOEI KHA PHI,ᵃⁿʸᵃᵇ,469893447353458
2368,YA THAM NU LOEI KHA PHI,༺Felix༻,2110083274310770
2369,YaiTuaD,☆˚₊Nanii⁺₊☆,259132221490290
2370,YaiTuaD,น้องสี่ตัวจิ๋วʕ⁠´⁠•⁠ᴥ⁠•⁠`⁠ʔ,380985409733746
2371,YaiTuaD,Aღateur✥,4339605092631666
2372,YaiTuaD,"หมูกรอบหมดอดกิน.,",2250051091104882
2373,YaiTuaD,˚⸝ʝєℓ͜͡ℓყʝuხხხྀི˚,5069282992129138
2374,YakDaiSuea ( YDS ),֯₊i♡н͜єα͡яττнαɪ☆ིྀ,2350607952446578
2375,YakDaiSuea ( YDS ),solarari.,3002340114367602
2376,YakDaiSuea ( YDS ),Theerakit1nwza,4785462627730546
2377,YakDaiSuea ( YDS ),woxfllw,3278524899329138
2378,YakDaiSuea ( YDS ),sleeplylilac,3583981966787698
2379,YakKinHma,ปีศาจตินนี่อยากกิงไก่,543281956193394
2380,YakKinHma,Plsdontcry,388461471401074
2381,YakKinHma,ρeriȶerx♡ˊ,3506325334197362
2382,YakKinHma,junesinter♡,2130846354179186
2383,YakKinHma,applepuff,1670726440649842
2384,YakKinHma,ƒleurdiɨˏ❀,4147921708844146
2385,YAMAE,((LEMON)),359901885039730
2386,YAMAE,นะ'หน้าทอง,3906770972116082
2387,YAMAE,ZARAK!.木,1912528670229618
2388,YAMAE,ʝenniferˋ♡ིྀ,3209133797082226
2389,YAMAE,sʜɪɪ͜͡ᴏɴׂ?ˎˊ˗,2861030791382130
2390,YAMAE,ชาเขียวอร่อย~⁠♪,1732768652526706
2391,Yellow Bear,แมวแม่วแม้นแม๊วแม๋วว,849619491947634
2392,Yellow Bear,Alyzsia｡,3625240093721714
2393,Yellow Bear,★ო͜͡ooƙƙie͜脂肪˚,3368769879737458
2394,Yellow Bear,YaaToxic,111348705068146
2395,Yellow Bear,Celestineeee,3849106003002482
2396,Yellow Bear,Mph7,1387122703664242
2397,Yellow girls,ᴄᴛ•〚เจ้าแก้มมม〛♡,3357814827451506
2398,Yellow girls,是我星妍,383682447869042
2399,Yellow girls,´ติ๋มอย่าทิ้งเค้า´,270567706133618
2400,Yellow girls,(。・ω・。)มม.,240568567530610
2401,Yellow girls,Nursenoiiiii,350287533638770
2402,yes! precure 5,•.ɴᴇᴘᴛᴜɴᴇ.•,1679027538691186
2403,yes! precure 5,premeploy,300701398008946
2404,yes! precure 5,imormint,345341811688562
2405,yes! precure 5,มาเล่นด้วยกันมั้ยเอ่ย,2770703468397682
2406,yes! precure 5,สาวน้อยสอeมะม่วง,144256878707826
2407,You Broke My Heart,อยากมีผัวชื่อรีไวล์,897129614869618
2408,You Broke My Heart,กุกลัวฟลอเรนติโน่,11451977319772210
2409,You Broke My Heart,꒰⁠⑅⁠ᵕ⁠༚⁠ᵕ⁠꒱⁠˖⁠♡ขนมจีน,4541220789617778
2410,You Broke My Heart,໒ྀི꒱.˚σִρֹɦɞִℓιֹαִ͜͡✿ֹ˖꒷,1518712582767730
2411,You Broke My Heart,มือขวาENDREW,314735673410674
2412,Yummysalmon,[DaisyysiaD],4026531840104321
2413,Yummysalmon,Xิวข้าว*0*,3203668988068978
2414,Yummysalmon,MaChérie₊˚⊹♡,3196224937329778
2415,Yummysalmon,ชิกเก้นโนหนึ่ง,537950022730866
2416,Yummysalmon,สายลับปลาตีนน,2016300985681010
2417,ZEPHYRA,phupa_peach,4605390620918898
2418,ZEPHYRA,Madusaa,1410216407270514
2419,ZEPHYRA,Peacherky,6072306971640946
2420,ZEPHYRA,หนูมาแจก!!,3432094005134450
2421,ZEPHYRA,₊ιтѕ͜͡мєιтιмིྀა˚,3170257967711346
2422,ZEPHYRA,BowbbpDebby1,6123479963468914
2423,ZEPHYRA,-,
2424,ZORINA,น้องเว้าวอน,135885249250418
2425,ZORINA,bebberryyam`,4040887298622578
2426,ZORINA,ᴄʜᴇʀɪʟᴇᴠ,3631472561030258
2427,ZORINA,ʕ•ᴥ•ʔmeowzoe,4655584091767922
2428,ZORINA,༨†༙ׅ྇ᴠ͜͡ᴇ༙྇sᴘ͢ᴇ֯ʀ͜☆༙྇༏,3149580921406578
2429,ZORINA,chibi:),3246152791295090
2430,Zweettear,ʟᴀᴢʏsᴜɴᴅᴀᴇღ,1022278854968434
2431,Zweettear,༘˚₊ᴍּׅαℓ༷iʙּ͜͡ᴜֺּ໒꒱ྀི₊˚⋅,565877913355378
2432,Zweettear,Poysixn,621204675429490
2433,Zweettear,S1ncere★彡,665821332571250
2434,Zweettear,໒⁺ʝαsp͜͡єxя★༉.,628771266954354
2435,ZXE-Zelia Athena,.ในซาต้ามีพุ่มॱଳ͘,2484308136887410
2436,ZXE-Zelia Athena,เมี๊ยว!!่,3142924460295282
2437,ZXE-Zelia Athena,ᴍᴏᴜʀɪʀᴀɴ.,4026531840272995
2438,ZXE-Zelia Athena,จ๋องซอยแปด,2558257407394930
2439,ZXE-Zelia Athena,Fahstay;,3142924460295282
2440,ZXE-Zelia Athena,°☾⋆｡Zelune｡⋆☽°,1811687737066610
2441,[FREE] WIN 4 U,มะมะมะหมูเด้งง♡,1062778181977202
2442,[FREE] WIN 4 U,ก้าจะบู~,333758486217842
2443,[FREE] WIN 4 U,คิขุอะโนเนนะ.,1241631894471794
2444,[FREE] WIN 4 U,ถุงเงินไม่ชอบสีชมพู,206824552989810
2445,[FREE] WIN 4 U,ว๊าาอย่ามาจับหนูนะ,397743768142962
2446,ØNYX,GYGIE,954332405236850
2447,ØNYX,แมวสตาร์ค,134840901108850
2448,ØNYX,บราวน์จะกินปลาทู.,2996989256205426
2449,ØNYX,เมี้ยวเหมี่ยว,767019083564146
2450,ØNYX,jester',3730465316078706
2451,ØNYX,7126白,5450840907383922
2452,ØNYX,Edontcry,3267768355062898
2453,กดสกิลเป็นก็พอ,ขอให้พระทำโทษ.ヅ,195547579483250
2454,กดสกิลเป็นก็พอ,˖ֺ˚८ྀིɾ̥α͜я͡ιɳ۫♡˳ॱ,3238254145111154
2455,กดสกิลเป็นก็พอ,자유를사랑하다,172944106128498
2456,กดสกิลเป็นก็พอ,9para,1443518778377330
2457,กดสกิลเป็นก็พอ,֯₊†༙ׅ྇ᴍ͜͡sʏ༙྇ɴּׂ͢ᴇ۪★༙྇˟ׅ,871889836901490
2458,กดสกิลเป็นก็พอ,รวงข้าว_•,369865806513266
2459,กบเอบิโกะ,ᴄʜa͜͡ʀʟɪ⋆,3492682706125938
2460,กบเอบิโกะ,〄페린ˎˊ˗,2033454481081458
2461,กบเอบิโกะ,ᵔʚ༚°!ᴍᴜғғɪɴ.°༚ɞᵔ,3087800299881586
2462,กบเอบิโกะ,wojiaomana,1668768942195826
2463,กบเอบิโกะ,ʀɪɴ͜͡ᴋᴏ✿,3620805674206322
2464,กบเอบิโกะ,ɢᴀᴍɪɴˎˊ˗,3753170794906738
2465,กบเอบิโกะ,노온,6ff0550db1f015b580f06b1d0b84218d
2466,กลอ ไก่,ติ๊ดตะละลิดตะลิ๊ดติ๊ด,1200960768771186
2467,กลอ ไก่,พี่แป้งตัวจริง!,1349611600151666
2468,กลอ ไก่,อย่าเอิกเกริก!!,274259968722034
2469,กลอ ไก่,จอร์จีน่า,3486362997294194
2470,กลอ ไก่,ต้ารักยายแบม․ ․ ྀིა,3346706901173362
2471,กลับบ้านล้างจาน,ׂ˳˟ཫׅsʜ͜͡ᴀ༙྇ᴅᴏ֯͢ʙᴇʟʟ۪†༙྇ˊ,2637966564590706
2472,กลับบ้านล้างจาน,彡꒰ᴘᴇʀᴏɴᴀ♡꒱,2976117057324146
2473,กลับบ้านล้างจาน,ᴍɪᴋᴀᴇʟᴀˎˊ˗,1192106492363890
2474,กลับบ้านล้างจาน,⁎⁺tσикʜ͜͡αoω✿,3284177344726130
2475,กลับบ้านล้างจาน,✿ྀིrαɱøиა˚₊,3595098751435890
2476,กะจั๊วออกรบ Roach Raider,สมรเทพ,3489258677666930
2477,กะจั๊วออกรบ Roach Raider,ちゃん(ฟ้าา).,4526155118085234
2478,กะจั๊วออกรบ Roach Raider,ปลากระเบน?,4810865614455922
2479,กะจั๊วออกรบ Roach Raider,jxnnm,4119740683584626
2480,กะจั๊วออกรบ Roach Raider,ป๋มามาแย้วว,3515557366400114
2481,กะเต๋ว,レンディア,2868286199104626
2482,กะเต๋ว,t3ndxcb,102725014717554
2483,กะเต๋ว,MIN4005,782807718888562
2484,กะเต๋ว,กะเพรามันไม่อร่อย!,3585676532712562
2485,กะเต๋ว,พี่แหม่มอย่าทิ้งผม,1126076336243826
2486,กั่ยต้อก,αnnαℓiese♡ྀི,4216976193029234
2487,กั่ยต้อก,เฟบบี้..,4309449657484402
2488,กั่ยต้อก,alyzs`,3398713720636530
2489,กั่ยต้อก,ʝαsִოiωּviεྀི.♡ྀི,1736131880354930
2490,กั่ยต้อก,zeּ͜͡ოιeׂℓ✿.,3879394313700466
2491,กาตุ่ย,J4ydra♡ྀི`,3522180071752818
2492,กาตุ่ย,`sunsukuriieྀིྀི,1702313844737138
2493,กาตุ่ย,ก๋วยจั๊บลุงซิ่ม,1019782673663090
2494,กาตุ่ย,แง่งขิงจะเครซี่ส์,374670062978162
2495,กาตุ่ย,จ้าวแกะน้อย,119033945064562
2496,กินมันเผาา,୨⤷ᴮᵃᵇᵉ♡ৎ,552964624417906
2497,กินมันเผาา,ᴀᴍᴏxɪɪ.,3365607106086002
2498,กินมันเผาา,ɢʏʙɪʙᴜツ,2897296757032050
2499,กินมันเผาา,primadesu,437896813413490
2500,กินมันเผาา,ᴇʀɪᴀʟᴄ♡ˎˊ˗,240442738410610
2501,กินไก่แถวหอไอเฟล,bebbyys,3408131443065970
2502,กินไก่แถวหอไอเฟล,谁是SB,2993844132185202
2503,กินไก่แถวหอไอเฟล,bunnies1vs9,1380697365480562
2504,กินไก่แถวหอไอเฟล,BǎoBèii,3472135918126194
2505,กินไก่แถวหอไอเฟล,ゆき☆°.,1925398539732082
2506,กุย กุย,ᴛᴏʀɪᴋᴜɴ!ˎ´˗,4192666275480690
2507,กุย กุย,lostinnoir.,5162439490602098
2508,กุย กุย,Panamc,3544480682804338
2509,กุย กุย,˚⋆?ᴊᴀɴɪᴄᴇ⋆?.✧˚,4593915810481266
2510,กุย กุย,ᴍᴏᴢᴀʀᴛ,1715117008028786
2511,กุย กุย,ᴍᴀᴘᴀɴɢㅤㅤㅤㅤ,2301561640518770
2512,ก๊อก ก๊อก แก๊ก แก๊ก.,˚ּ⬚♫ྀིsּ̫֯σℓ͜͡εℓi͙☆֔.˚₊,3622437224907890
2513,ก๊อก ก๊อก แก๊ก แก๊ก.,TEN.Mortor,3272466445304946
2514,ก๊อก ก๊อก แก๊ก แก๊ก.,hideonmin,3841915489551474
2515,ก๊อก ก๊อก แก๊ก แก๊ก.,ʚ˚ოαʀ͜͡ωყྀིྀི˳⁺,3693251639051378
2516,ก๊อก ก๊อก แก๊ก แก๊ก.,iblueU,4396306177131634
2517,ก๊อก ก๊อก แก๊ก แก๊ก.,GJC.Mingnz,3655728388834418
2518,ขอเสียงหน่อยครับบบบ,.˚ּּ໒꒱ּ͡cყིྀnֺȶɦiׅαɞֺ˚˖,3503564945294450
2519,ขอเสียงหน่อยครับบบบ,オ้イ,2272341837153394
2520,ขอเสียงหน่อยครับบบบ,เสี่ยโอ่ง,785666690712690
2521,ขอเสียงหน่อยครับบบบ,เม้มมมlnwzaa,3000808153220210
2522,ขอเสียงหน่อยครับบบบ,มะกึ๊ก,2036287146230898
2523,ขอเสื้อไม่ขอสู้!,•°พลทหารแมวดำ°•,1227419646362738
2524,ขอเสื้อไม่ขอสู้!,好き。,1277563926414450
2525,ขอเสื้อไม่ขอสู้!,withoutmxl,5679098622051442
2526,ขอเสื้อไม่ขอสู้!,ʝᴜʟιαηˋ,2889632589218930
2527,ขอเสื้อไม่ขอสู้!,อย่ามาแต่ง.^~^,2150317722633330
2528,ขอโอกาส,Kazz,157990707725426
2529,ขอโอกาส,°❀•°ᴢɴᴇʙ°•❀°,158593546650738
2530,ขอโอกาส,『イブ・Eve』,3612329489138802
2531,ขอโอกาส,✧MidNouqes.✧,1319472673784946
2532,ขอโอกาส,ʀąᴠɛɴ,3666522178520178
2533,คุณภาพเกรดC,֯₊⸝⸝໒ּིྀρ͜͡eּαׅɾּ♡ׂაིྀ˳·,2660765861610610
2534,คุณภาพเกรดC,staywithrada`♡ིྀ,693561385485426
2535,คุณภาพเกรดC,໒꒱ྀི˚@mყყu͜͡ru!꒱,3620731451802738
2536,คุณภาพเกรดC,เเมวเขียวนึ่งสามรส,4884245466252402
2537,คุณภาพเกรดC,♛♡,4281074553390194
2538,คุณภาพเกรดC,pakpoong888,3715365351916658
2539,คุณภาพเกรดC,ryuzakk,4026531840093135
2540,ฆนมไทย,ɴoɪsᴇ,208826678838386
2541,ฆนมไทย,Juniρer♡ིྀ˳ׂ,569017333122162
2542,ฆนมไทย,ᴀʟɪʏαʜシ,584369626612850
2543,ฆนมไทย,ᴊᴀsᴍɪɴᴇ,791622401066098
2544,ฆนมไทย,เมขลาคนสวะ,79087527986290
2545,จารย์คอม,จารย์ตุล,2782743671014514
2546,จารย์คอม,จาร์ยเต้ย,4517057974699122
2547,จารย์คอม,จารย์มาย.,5504903271351410
2548,จารย์คอม,จารย์แอม,4117876869104754
2549,จารย์คอม,จารย์แต,3218136182752370
2550,ชอบแมวส้มมีหนวดจริงๆ,ตอหอแม่น้องซิป,4026531840270789
2551,ชอบแมวส้มมีหนวดจริงๆ,หมูย่างห่อผักกาด,806601502164082
2552,ชอบแมวส้มมีหนวดจริงๆ,Friday13th`,200327945192562
2553,ชอบแมวส้มมีหนวดจริงๆ,มีอาที่ชอบแมวส้มอะ,904549774853234
2554,ชอบแมวส้มมีหนวดจริงๆ,ིྀɪ͜͡ʀɪsғʟᴏᴡᴇʀყིྀˊˎ-,1039038085792882
2555,ชานมหวานร้อย,?໒݂..଼ྀི?ׁ♡?໒݂..଼ྀི?ׁ,2183441248617586
2556,ชานมหวานร้อย,cember-north,3475605849048178
2557,ชานมหวานร้อย,九琳,3318249387394162
2558,ชานมหวานร้อย,พรีมจุง,1303723162928242
2559,ชานมหวานร้อย,yimpimjai,5269634894988402
2560,ชาวนากับงูเห่า.,ׅ˟⸝ყυིྀ۪мeׂ໒꒱י˳ׂ,4797035081565298
2561,ชาวนากับงูเห่า.,"สมองไหลน้ำลายยืด,",4963279374058610
2562,ชาวนากับงูเห่า.,แมวต้าวอ้วนตัวขาว,3571823451243634
2563,ชาวนากับงูเห่า.,สาคู67,2768026026050674
2564,ชาวนากับงูเห่า.,Victoryมานี่มา,4903334112855154
2565,ชาวนากับงูเห่า.,[TBF]ˑℓord,2505143828546674
2566,ซัพแท้มีใบ,หายนะเดินได้,282800309863538
2567,ซัพแท้มีใบ,มิรินไก่กรอบมายอง,157046620226674
2568,ซัพแท้มีใบ,เทพกรุณารวมกลุ่ม,1817529697895538
2569,ซัพแท้มีใบ,MissMB,3799543758128242
2570,ซัพแท้มีใบ,ขนมจีบ♡,1514214678266994
2571,ซิคแซกแลคตาซอย,ดี้ฝั่งชล,5360765511074930
2572,ซิคแซกแลคตาซอย,สมอลดิ้คบิ้กฮาร์ท,3185896413398130
2573,ซิคแซกแลคตาซอย,౨ৎྀིྀ,3553026392654962
2574,ซิคแซกแลคตาซอย,-ˏˋ0suωa˚༘♡,3518061869204594
2575,ซิคแซกแลคตาซอย,ʚJAJAɞ,4213947100234866
2576,ซ่าอยู่แล้ว โซดาไม่ต้อง,มะแอ๋วอ้วง!,3641901614040178
2577,ซ่าอยู่แล้ว โซดาไม่ต้อง,_wantana,1303921134077042
2578,ซ่าอยู่แล้ว โซดาไม่ต้อง,⋆⁺₊⋆♡̷̷̷ᴛᴀʀi͜͡ᴀ₊ˎ´˗,1417057619084402
2579,ซ่าอยู่แล้ว โซดาไม่ต้อง,⁺˳⁎ხּׅα͜ხׂყოིྀιׅυ♡⸝˳ׂ,4314522080969842
2580,ซ่าอยู่แล้ว โซดาไม่ต้อง,.mrxin°`,4128367326725234
2581,ดวงกิ๊กกิ่งเก๋เสน่ห์วินัย,ช_บกินผัดไทย,4618272301581426
2582,ดวงกิ๊กกิ่งเก๋เสน่ห์วินัย,Salapao67,5772823398384754
2583,ดวงกิ๊กกิ่งเก๋เสน่ห์วินัย,เกาเถียนเป่า,5358908474590322
2584,ดวงกิ๊กกิ่งเก๋เสน่ห์วินัย,☆แม่ทุกสถาบัน✿,3455423462179954
2585,ดวงกิ๊กกิ่งเก๋เสน่ห์วินัย,zerofai_7,3544315863434354
2586,ตกใจหมดอ้วนมากอดเค้าเลย,ปายฟ้าไม่ไหว!,1715420944073842
2587,ตกใจหมดอ้วนมากอดเค้าเลย,อั๊ยยะอุ๊,3097903338030194
2588,ตกใจหมดอ้วนมากอดเค้าเลย,千鶴(Chizuru)✧,5207515306591346
2589,ตกใจหมดอ้วนมากอดเค้าเลย,ชิวาว่าเห่าบ๊อกบ๊อก,2860048988701810
2590,ตกใจหมดอ้วนมากอดเค้าเลย,เน่รักไก่ใครรักตอง,3717707853923442
2591,ตัวแม่จะแคร์เพื่อ,ᴶᵃʸ──★,592844066849906
2592,ตัวแม่จะแคร์เพื่อ,_•>•_,2473945655870578
2593,ตัวแม่จะแคร์เพื่อ,เสี่ยวหลงเสียวหู่,760757491008626
2594,ตัวแม่จะแคร์เพื่อ,˚Zerinྀ,586789035377778
2595,ตัวแม่จะแคร์เพื่อ,꧁◥◣_◢◤.꧂,2400702840374386
2596,ติด0แคล,ɢᴄғ•กบมะม่วง,212994072183922
2597,ติด0แคล,แมวโค้กแอ้ะแอ้ว,660890173244530
2598,ติด0แคล,★カイダァウ★,302690840282226
2599,ติด0แคล,ปลาสลิดดก,182652141503602
2600,ติด0แคล,Mr.hello_,187273324987506
2601,ติด0แคล,˚⋆✿Acabi˙ྀིྀི࿔,3607876144923762
2602,ติดเตียงทีม,♡ชาเขียวคิทแคท♡,1531776195560562
2603,ติดเตียงทีม,✿`ʟɪᴡʟᴇᴇ.¬,157657176671346
2604,ติดเตียงทีม,ʚᴋᴀɴɴᴀᴋᴀᴍᴜɪ♡₊,1690528320259186
2605,ติดเตียงทีม,HaMJ,3349230999766130
2606,ติดเตียงทีม,Vindiiz,2316662611313778
2607,ตี้กากปากเก่ง,Doryขยี้จัย,4210225041310834
2608,ตี้กากปากเก่ง,มิเชลลิน,3134748184740978
2609,ตี้กากปากเก่ง,วุ้นเส้นแบบน้ำ,4895940326655090
2610,ตี้กากปากเก่ง,มามี่โปโก๊ะ,1717629161243762
2611,ตี้กากปากเก่ง,จัสมินชอบกินต้มอึ่ง,1940278051275890
2612,ตี้ปีศาจ,ᴍɪɴꜱxᴋʀᴢᴢᴘɴɢ!,3554528893011058
2613,ตี้ปีศาจ,Generative_cell,4917760169804914
2614,ตี้ปีศาจ,เมี้ยนเซียนแตก,4273821293151346
2615,ตี้ปีศาจ,lsusGudead,5739830466249842
2616,ตี้ปีศาจ,光る☆`、,3775386244809842
2617,ตึงจัด,athanasia.,2352129981482098
2618,ตึงจัด,sunflowboy,326620720333938
2619,ตึงจัด,อย่าตี!!หัวหนู,3831591864566898
2620,ตึงจัด,Snowball✿,3313356815664242
2621,ตึงจัด,__'๐_๐'__,429127429719154
2622,ทีม Kitten kills,~11:10 ~,1244641123042418
2623,ทีม Kitten kills,PUNPIN♡,2027351466771570
2624,ทีม Kitten kills,ปลาโลมาจ้า,2003972483384434
2625,ทีม Kitten kills,I’m…AI,2842115285648498
2626,ทีม Kitten kills,AonLeela,428235351590002
2627,ทีมจิงโจ้,เต่าบินกินทุเรียน,5074988050875506
2628,ทีมจิงโจ้,หมีหมีกูลี่,390712571135090
2629,ทีมจิงโจ้,ᴍᴏᴏɴʟɪɢʜᴛ,108828029027442
2630,ทีมจิงโจ้,BIythx_,638610969920626
2631,ทีมจิงโจ้,อเมริกาโน่หวานม๊าก,3300757126448242
2632,ทีมเป็นกันเองมากเกินไป เครียดเกินไป แต่จริงจัง,Cenzsatur†༙྇ˊ,2658647503209586
2633,ทีมเป็นกันเองมากเกินไป เครียดเกินไป แต่จริงจัง,6igaraftercryˊ,70663889159282
2634,ทีมเป็นกันเองมากเกินไป เครียดเกินไป แต่จริงจัง,ตะวันใหม่ไม่jungle,1356195717907570
2635,ทีมเป็นกันเองมากเกินไป เครียดเกินไป แต่จริงจัง,บันไม่ใช่บุญ,512302222869618
2636,ทีมเป็นกันเองมากเกินไป เครียดเกินไป แต่จริงจัง,RABBITT.,203074509669490
2637,ทีมเป็นกันเองมากเกินไป เครียดเกินไป แต่จริงจัง,⁺₊໒ྀིᴄʜɪᴄᴋʏY•.*,1145122167391346
2638,ทีมเป็นกันเองมากเกินไป เครียดเกินไป แต่จริงจัง,ᴄʜʏᴘsɴ.ʕ•ᴥ•ʔ,323238165152882
2639,ท้ายซ้อกัน,เด็กชายแนตตี้,1368025064473714
2640,ท้ายซ้อกัน,จอมปีศาจหมู,3441940150551666
2641,ท้ายซ้อกัน,֯ ₊◌໒ིྀsּׅhirּ͜͡on֯αაིྀ⸝˳·,3694485771060338
2642,ท้ายซ้อกัน,ׂ ˳˖♪ིྀׅĸ͜͡υro֯n̫α۪໒꒱ིྀﾟ·,4489713125885042
2643,ท้ายซ้อกัน,เปรี้ยวเยี่ยวม่วง,3802740153320562
2644,ท้ายซ้อกัน,ต้มยำหมูยอ,1353322653222002
2645,นักกินหมาล่า,คุกกี้โดช้อคชิพ,821213584884850
2646,นักกินหมาล่า,แคนเบอรี่ท้ายซอย,451781368939634
2647,นักกินหมาล่า,มัทฉะบราวนี่,1312764941501554
2648,นักกินหมาล่า,โดนัทสบู่ตูนเอลี่,975526927991922
2649,นักกินหมาล่า,จิ้นทอดป้า,634625508705394
2650,นักรบนิรนาม,BAMBOLA,4559520772850802
2651,นักรบนิรนาม,Pangnaaa,4328763118781554
2652,นักรบนิรนาม,Wonteenน่าา,3866168633001074
2653,นักรบนิรนาม,ᴋɪᴋᴜᴀɴᴏɴᴇ. ݁˖,5247087054881906
2654,นักรบนิรนาม,ลาบในคราบความเท่,4026531840118312
2655,นางงามจักรยานยนต์,เต้าหู้นมกล่อง,3703867791574130
2656,นางงามจักรยานยนต์,海燕,2866866980848754
2657,นางงามจักรยานยนต์,.˚ʙᴜɴɴʏ｡˚☆,2069631259051122
2658,นางงามจักรยานยนต์,เล่นคริกซี่คับ,611617368900722
2659,นางงามจักรยานยนต์,˚༘♡ssᴀʟᴍᴏɴɴ｡*,148238112064626
2660,น้องดุ๊กดิ๊ก,4869Holmes,3185970166039666
2661,น้องดุ๊กดิ๊ก,贝尔Bèi’ěr☆彡,2500043152229490
2662,น้องดุ๊กดิ๊ก,☆Queenie☆,1448712400471154
2663,น้องดุ๊กดิ๊ก,✿Celestia✿,3857015453713522
2664,น้องดุ๊กดิ๊ก,☆°Azazel°☆,2034349377782898
2665,น้ำลายยืดดด,เกมหมาใครอยากเล่น,1757415725007986
2666,น้ำลายยืดดด,จ้อจี้ไม่ป้อปี้,3626731521115250
2667,น้ำลายยืดดด,พี่จ๋าป้อมหนูจะแตกก,3315362296956018
2668,น้ำลายยืดดด,ᴍᴜɢᴇɴᴄʜɪʀᴏ,1349336990680178
2669,น้ำลายยืดดด,tomatobb,3715587817800818
2670,น้ำลายยืดดด,ผมเมะนะครับบ,3173182773331058
2671,ปลาปักเป้ามาเอาปอง,ปลาปักเป้ากินไม่ได้,428874630628466
2672,ปลาปักเป้ามาเอาปอง,ปลาปักเป้าย่างมิโสะ,3720069481956466
2673,ปลาปักเป้ามาเอาปอง,painkillerz,363682060239986
2674,ปลาปักเป้ามาเอาปอง,✧･ﾟSmiley:*✧,838517471249522
2675,ปลาปักเป้ามาเอาปอง,˳༝†༙྇ᴘs͜͡ʏ༙྇ᴄʜᴏεїз༡⁺ׅ,3535082556163186
2676,ปลาปักเป้ามาเอาปอง,‧꒰აda͜͡o☆˚｡⋆,3299649494647922
2677,ปลาส้ม,แหนม♡,216796795962482
2678,ปลาส้ม,♡ྀིოαpl͜͡єѕყrυp˚♪,587767079961714
2679,ปลาส้ม,NattApa,2225006667039858
2680,ปลาส้ม,paewad,867189129413746
2681,ปลาส้ม,花泠,3679494254822514
2682,ป่ามาช่วยที,༝ཌི༑ׅᴄ͜͡ᴀ༙྇ᴍɪ͢ʟʟ֯ᴇ†༙྇ˋ,2175270945752178
2683,ป่ามาช่วยที,소린ﻬ,415245491438706
2684,ป่ามาช่วยที,ลูบิมิมิว,04624574186610
2685,ป่ามาช่วยที,流星Kiyori,3903498475471986
2686,ป่ามาช่วยที,หมาทุทุ,271801368380530
2687,ผู้เกงเจ้าสน่อง V.2,เทมปุระยักษ์,582468432495730
2688,ผู้เกงเจ้าสน่อง V.2,娘さん:p,2076694668313714
2689,ผู้เกงเจ้าสน่อง V.2,ทงคัตสึยักษ์,588759016080498
2690,ผู้เกงเจ้าสน่อง V.2,ᴸᴳɢᴡᴇɴᴅᴏʟʏɴֶ֢⋆ʚïɞ,4300130853520498
2691,ผู้เกงเจ้าสน่อง V.2,แซลมอนยักษ์,349491890947186
2692,ผู้เกงเจ้าสน่อง V.2,ทาโกะยักษ์,329689877120114
2693,ฝีมือปีโป้อีโก้ปีศาจ,DINOMILO,81387818517618
2694,ฝีมือปีโป้อีโก้ปีศาจ,ᴍᴏɴᴀᴍᴇᴇʕ•ᴥ•ʔ,145880577672306
2695,ฝีมือปีโป้อีโก้ปีศาจ,ׂ˳†༙ׅ྇ᴊᴠ͜͡ᴀ༙྇ʀᴋ֯炸克˟ׅ྇,588398574371954
2696,ฝีมือปีโป้อีโก้ปีศาจ,Mud0k,1055871270585458
2697,ฝีมือปีโป้อีโก้ปีศาจ,ׂ˳^ིྀʚׅℓּ͜αყℓּα͜͡✿ིྀי₊֯,1396361782297714
2698,พวกพี่สเต็ปกลอ,ׂ˳ʚℓiℓᥒighȶ♡˚ׅ,578647723541618
2699,พวกพี่สเต็ปกลอ,ˢ²ʸ┊ᴢᴇɴʙᴏシ,3255662922630258
2700,พวกพี่สเต็ปกลอ,ʙᴇʙʙʏᰔᩚ,4591288901108850
2701,พวกพี่สเต็ปกลอ,"你好丈夫,",4036836741809266
2702,พวกพี่สเต็ปกลอ,peilyn,3032971015816306
2703,พวกพี่สเต็ปกลอ,wastxel,4566301184033906
2704,พะยูนเพลิงสีรุ้งง,ᴋɪᴍᴍɪᴇˢᵐᵘᵈᵗʸ,4213462238692466
2705,พะยูนเพลิงสีรุ้งง,८ϐᨢ̫݁ɑིn݂︎ȶ̱݁σ͡ng̶ྀི݁ৎּ,3317581385761906
2706,พะยูนเพลิงสีรุ้งง,บิบิวเอง.,2337545077851250
2707,พะยูนเพลิงสีรุ้งง,•^•รักก็ได้°^°,4026531840195005
2708,พะยูนเพลิงสีรุ้งง,nolyslick…,3194216369030258
2709,พีสะเดิดเปิดพัสดุ,ρolαrβeαr♡,4329251067331698
2710,พีสะเดิดเปิดพัสดุ,มะนาวหวานเทพซ่า,2841423863022706
2711,พีสะเดิดเปิดพัสดุ,จุ๋มสถาพร,4265640789738610
2712,พีสะเดิดเปิดพัสดุ,มีแมวชื่อกุดกิต,488617692824690
2713,พีสะเดิดเปิดพัสดุ,ฮอนอที่ย่อจากฮันนี่,86172277867634
2714,พี่เดี่ยวสั่งลุย,คิมิโตโม๊ะsensei ˎˊ˗,3183596592628850
2715,พี่เดี่ยวสั่งลุย,เนยหมูยอ,3277455452472434
2716,พี่เดี่ยวสั่งลุย,snowwyy,3792001929774194
2717,พี่เดี่ยวสั่งลุย,†༙ׅ྇ᴠєֺʏ͜͡ʀ༙྇ɪׅx⁺ּ,3401171918324850
2718,พี่เดี่ยวสั่งลุย,Heiter,809869905167474
2719,พี่เดี่ยวสั่งลุย,krubbabe’,3641890876621938
2720,พี่แน่ใจหรอว่าหนูหญิงแท้,˳⁺sᴜɪ͜͡sєɪྀི͜★,1617004654167154
2721,พี่แน่ใจหรอว่าหนูหญิงแท้,คาสึห้ะ?,78815938413682
2722,พี่แน่ใจหรอว่าหนูหญิงแท้,เป่ดกลม,3204140964709490
2723,พี่แน่ใจหรอว่าหนูหญิงแท้,⠀ไก่กลม⠀,1483207094764658
2724,พี่แน่ใจหรอว่าหนูหญิงแท้,༘♡˚໒꒰ྀིʀᴇɪᴀ꒱ྀི১ ´ˎ˗ ☆,458033968907378
2725,ฟันเหลืองเคืองไม,zeekeehom,3638042787251314
2726,ฟันเหลืองเคืองไม,น้องซันนี่..,2807797758755954
2727,ฟันเหลืองเคืองไม,Ceŕinne,3534552194810994
2728,ฟันเหลืองเคืองไม,หนาวจนกีแข็ง,3580459422516338
2729,ฟันเหลืองเคืองไม,ᴺᵒⁱʳᵉ,3099679843878002
2730,ภัยพิบัติระดับไดมอน,ｗａｎｎａ.,4919482854343794
2731,ภัยพิบัติระดับไดมอน,мεʟʟσώ,1779379382453362
2732,ภัยพิบัติระดับไดมอน,⁎ּ♡ׂׅcּ͜͡αȶ˳ׅℓყ֯n໒꒱ིྀﾟ·,2236619721737330
2733,ภัยพิบัติระดับไดมอน,มอคค่าเป็นหมา,2757586504057970
2734,ภัยพิบัติระดับไดมอน,°MarkJi°,4735138697249906
2735,มะมะมะมุเด้ง,ช่วยด้วยเมจโดน,3278096610559090
2736,มะมะมะมุเด้ง,โดเรมีซ้อลลา,5072448248808562
2737,มะมะมะมุเด้ง,ʝυßiee,4051123413648498
2738,มะมะมะมุเด้ง,yashyash,2779481978897522
2739,มะมะมะมุเด้ง,˳ּ⁺^᪲nֺαʜ͜͡oოׅi໒꒱ྀི⁺ּ˳,4793896534213746
2740,มัจจุราชกลีบกุหลาบ,zuemwabbi,2936533028111474
2741,มัจจุราชกลีบกุหลาบ,akane_.0_0,5101788177040498
2742,มัจจุราชกลีบกุหลาบ,Kaneki-senpai,3238784707789938
2743,มัจจุราชกลีบกุหลาบ,˖࣪⊹miiuqeiei˖?,3238621566141554
2744,มัจจุราชกลีบกุหลาบ,qᴜɪxᴏᴛɪᴄ!︎✜ˎ´,4846710941746290
2745,มากับดวง,меℓღиყ,251268069262450
2746,มากับดวง,໒ྀིᴍʏᴍïïиt͜͡s♡ˎˊ˗,359212677006450
2747,มากับดวง,Seaniiz.,447321783600242
2748,มากับดวง,♡อย่าทำน้อนโม♡,69713896080498
2749,มากับดวง,ᴘʏᴛʜᴇ,128920154473586
2750,มาทำไมให้อายบ้านนา,เสาหลักงูหางกระดิ่ง,4677653177238642
2751,มาทำไมให้อายบ้านนา,หน่่วยพิทักคาซึคาเบะ,1416030987682930
2752,มาทำไมให้อายบ้านนา,yaffaylnwza,3127674642039922
2753,มาทำไมให้อายบ้านนา,akiraa.,2627923454657650
2754,มาทำไมให้อายบ้านนา,Brownies_,3095031078650994
2755,มายลิตเติลโพนี่,<b><color=#f00>ᴘʟᴀsᴍᴀᴢ</color></b>,441582499333234
2756,มายลิตเติลโพนี่,ชาเย็นหวานชื่นใจ,540680011318386
2757,มายลิตเติลโพนี่,ᴢ͜͡ᴀcᴄʜεᴜ̈s,1437955185116274
2758,มายลิตเติลโพนี่,ความรักกก!,1524321138967666
2759,มายลิตเติลโพนี่,<b><color=#9ff>Thip</a><color=#00f>25</a></b>,3488949909783666
2760,มาล่าเสื้อฟรี,(tofubib),3128363850073202
2761,มาล่าเสื้อฟรี,เพชรแห่งการจากลา,197453940982898
2762,มาล่าเสื้อฟรี,Evexxz,352505481593970
2763,มาล่าเสื้อฟรี,ฮินะจัง,1011732965426290
2764,มาล่าเสื้อฟรี,spector.NC★ˎˊ˗,329007782626418
2765,มาเอาเสื้อค่ะ,cm888,4150847923750002
2766,มาเอาเสื้อค่ะ,ᴋᴀɴɪ⋆୨୧˚,4492133608391794
2767,มาเอาเสื้อค่ะ,⟡݁₊⋮Eirian⋆˚࿔,3901417832252530
2768,มาเอาเสื้อค่ะ,Svvia,3793328537797746
2769,มาเอาเสื้อค่ะ,꒦꒷˚₊☆ƒαi͜͡ȶh˚₊꒱ྀི১,3837850235896946
2770,มาเอาเสื้อค่ะ,@Emat.ex,3540328388953202
2771,มิสซิสเหี่ยน,อาชิเตรูโยนะคะ,2552548389225586
2772,มิสซิสเหี่ยน,Akiraa.,3456181926560882
2773,มิสซิสเหี่ยน,อิมมี่ขยี้ใจจ,1916026652656754
2774,มิสซิสเหี่ยน,wunsenn!,3594574228554866
2775,มิสซิสเหี่ยน,แมวย่างヾ,3620921369887858
2776,มือปราบ67,재원ㅌㅎㅌ,4108254263313522
2777,มือปราบ67,૮꒰ɴємɴᎥ˚୨୧⋆｡˚⋆,4773984528958578​
2778,มือปราบ67,૮ཾɴɪ͜͡ɴᴇʏ♡̶ˎˊ˗,3511893625078898
2779,มือปราบ67,ลิเลียมาแล้วว,5154911755109490
2780,มือปราบ67,(⁠≧คุณเมจ▽เจ้าค่ะ≦⁠,2752269737198706
2781,มือปราบ67,zedqzw,4457274244531314
2782,มือปราบ67,ไก่ทอดไร้กระดูก,3821647337555058
2783,มุมิมุมิ,^—^**,2951237318411378
2784,มุมิมุมิ,-Hachimi-,2927770892174450
2785,มุมิมุมิ,ׂ₊★^ིྀρּׅo͜͡ɾᴍּᴏ֯ʀ얼໒꒱ིྀ,138021458609266
2786,มุมิมุมิ,︎ִֶ֢࣪⋆夜桜︎ִֶ֢࣪⋆,2559266791818354
2787,มุมิมุมิ,+memorylapse.,3402186335913074
2788,ม้าไม้เมืองทรอย by บักโนแลน,มีหนวดเครารุงรัง,2039098672088178
2789,ม้าไม้เมืองทรอย by บักโนแลน,Plizt.,833370489816178
2790,ม้าไม้เมืองทรอย by บักโนแลน,bbibbili*,4405175016162418
2791,ม้าไม้เมืองทรอย by บักโนแลน,SABARAHOO,456758497838194
2792,ม้าไม้เมืองทรอย by บักโนแลน,˳ׂׅ໒͜͡★ྀིɳֺo۪ng֯ρɾׅαeྀི･,3700099226207346
2793,ยางวงสึแดง,֯₊⸝ʚׅh͜͡αnakla˳۶ৎ,784559193130098
2794,ยางวงสึแดง,qinez,3338035899073650
2795,ยางวงสึแดง,ˏˋ°•⁀➷GG｡˚°,3530055296943218
2796,ยางวงสึแดง,TᴀʀɢᴀʀYᴇɴ•IX,3794563273786482
2797,ยางวงสึแดง,ᴋᴋᴏʜᴋᴀᴇ,2604048402547826
2798,ยืนเลนไหนก็ได้ แต่อย่ายืนข้างคนหลายใจก็พอ,-Miloisotter-,1102648229168242
2799,ยืนเลนไหนก็ได้ แต่อย่ายืนข้างคนหลายใจก็พอ,˚₊꒰f͜͡oolsgoldgf♡,390424405673074
2800,ยืนเลนไหนก็ได้ แต่อย่ายืนข้างคนหลายใจก็พอ,♡MollyQ♡,2680055901914226
2801,ยืนเลนไหนก็ได้ แต่อย่ายืนข้างคนหลายใจก็พอ,わたしは~02,3375476538279026
2802,ยืนเลนไหนก็ได้ แต่อย่ายืนข้างคนหลายใจก็พอ,Kimsenseidiwa,1301190004638834
2803,รถขนฝัน,วารักนิวมากห์,1726106822706290
2804,รถขนฝัน,朝の月光.»,3700686965638258
2805,รถขนฝัน,เพิ่งหัดเล่นคั้บ,3389811192956018
2806,รถขนฝัน,เค้ารักติ๋มพาเดือด,3536218440795250
2807,รถขนฝัน,รักทันม๊ากกกก,3121274536789106
2808,รวยไม่ไหว รวยไม่ไหว,แง้วหน้าไหม้ʕ•̀ᴥ•́ʔ,1200633344623730
2809,รวยไม่ไหว รวยไม่ไหว,ไปกัดมันจีจี้,1341556187661426
2810,รวยไม่ไหว รวยไม่ไหว,หนูอยากกินหนม:/,2976014045217906
2811,รวยไม่ไหว รวยไม่ไหว,Lunacat,4615578014909554
2812,รวยไม่ไหว รวยไม่ไหว,NG.◈S≮Κ∪さ,483979262362738
2813,ราชาจิตวิทยาทดลองหมาก,ׂ ˳༝༑ׅʜ͜͡ᴏ༙྇ɴɢ֯†༙྇༡ˊ,4611329285620850
2814,ราชาจิตวิทยาทดลองหมาก,tqln,5788676995089522
2815,ราชาจิตวิทยาทดลองหมาก,Bimyo_u,4923109216027762
2816,ราชาจิตวิทยาทดลองหมาก,จริงค้าบทุกคน,4482600391607410
2817,ราชาจิตวิทยาทดลองหมาก,`ʚᴘє͜͡ოïӄᴀ꒱ˊ,3872614976259186
2818,ราชาจิตวิทยาทดลองหมาก,百魔女,4274331790279794
2819,ราชาโรบ้อก,minwans,1312236123653234
2820,ราชาโรบ้อก,泉慕ྀི,5817607089489010
2821,ราชาโรบ้อก,ʏᴇʙʙᴀ,1857630868014194
2822,ราชาโรบ้อก,BlazeDrifter7,3312539563918450
2823,ราชาโรบ้อก,เบ่ลเบ๊ลZaZa,2781750795371634
2824,ราชาโรบ้อก,ต๊ะแน๋ว!!!!,4560495596209266
2825,รีบมารีบไป,เจ้าหนู⠀⠀⠀,637216380617842
2826,รีบมารีบไป,˳༝༑ׅᴄʟ͜͡ʏ༙྇ᴇᴅׂ★༙⁺ׅ,331813604230258
2827,รีบมารีบไป,ᴛᴡᴛ丨พาแวゞ.,119742480450674
2828,รีบมารีบไป,heyjdeem,3177165818627186
2829,รีบมารีบไป,แครี่ขยี้ป้อม˚₊·͟͟͞͞➳❥,437180761834610
2830,ลาก่อนแครี่ของผม,₁₄ɪᴀᴍᴋɪᴅ₁₂,531052707906674
2831,ลาก่อนแครี่ของผม,Goodbyemyแครี่,410011402699890
2832,ลาก่อนแครี่ของผม,Puipuimolka,477027992011890
2833,ลาก่อนแครี่ของผม,พีมออนิว,1390594580743282
2834,ลาก่อนแครี่ของผม,ᴊɴᴏя.瑞珍,336472637113458
2835,ลาก่อนแครี่ของผม,น๊องจ่อยปากแจ๋ว,356288005604466
2836,ลิตเติ้ล Shirt,GolfFee,3282223403041906
2837,ลิตเติ้ล Shirt,LAPIZ-FIRE,3910802000249970
2838,ลิตเติ้ล Shirt,คาราเมลอ้วน,437385309652082
2839,ลิตเติ้ล Shirt,ɢᴜ°ʏᴀᴋᴅʀᴇᴅ,5274734229128306
2840,ลิตเติ้ล Shirt,บิบี๋จะทำฟอเรนเสียใจ,1131558929106034
2841,ลิตเติ้ล Shirt,BoBo,71910167872626
2842,ลูกชุบ,ต๊อกแป๋วdiwa,2103067445232754
2843,ลูกชุบ,ไม่ได้ชื่อกุ้ง,336013008503922
2844,ลูกชุบ,Kchwl,356409002886258
2845,ลูกชุบ,NONGFUBU,3824009502458994
2846,ลูกชุบ,sʜɪʀᴀʏᴜᴋɪ✿₊˚·,399973929911410
2847,ลูกตู้สั่งลุย,˗ˏˋdukdɨkᴅ͜͡og❀,242208238404722
2848,ลูกตู้สั่งลุย,b00to,3903929985467506
2849,ลูกตู้สั่งลุย,.˚♪‧nifʝαq◌ˑྀི˳‧,344094325015666
2850,ลูกตู้สั่งลุย,KAEWNALAK,1366407539524722
2851,ลูกตู้สั่งลุย,f33eennn,3408180365427826
2852,ลูกตู้สั่งลุย,本の苗,998653783377010
2853,วอดส์,โตเกียวทอม,3535012360291442
2854,วอดส์,โตเกียวเกย์,3539407655339122
2855,วอดส์,โตเกียวไบ,113707581637746
2856,วอดส์,cinℓyh,662312344290418
2857,วอดส์,ยายหยี,1235459355378802
2858,วัยรุ่นปวดหลังzZ,ZØr-El,2782154723624050
2859,วัยรุ่นปวดหลังzZ,zυм_мoи,1538662840075378
2860,วัยรุ่นปวดหลังzZ,❥N͜͡oar♡ˎˊ˗,67121480664178
2861,วัยรุ่นปวดหลังzZ,ᴅᴀɪꜱʏ°ᴘɪɴᴋ✽,468366787806322
2862,วัยรุ่นปวดหลังzZ,ʟᴀᴢᴇʏ͜͡ʀᴀ໒꒱ˎˊ˗,1039842653963378
2863,สตรีแกร่งมาทุบประจ้ากกห์,อยากควงอึ๋ม,5807374866777202
2864,สตรีแกร่งมาทุบประจ้ากกห์,KeresSword!,4346558040704114
2865,สตรีแกร่งมาทุบประจ้ากกห์,ᴴᴬᴺᴬᴬ,1902279536084082
2866,สตรีแกร่งมาทุบประจ้ากกห์,lilqu3lyr,3799887422620786
2867,สตรีแกร่งมาทุบประจ้ากกห์,ᴢxɴᴍє.ﾒ,4259935596774514
2868,สยบทุกทิศ,เกียวโตปิ้,3202531157279858
2869,สยบทุกทิศ,#ท้ายโรงเชือด,3896021742716018
2870,สยบทุกทิศ,พีช่จองกุกไม!,3089867118675058
2871,สยบทุกทิศ,mayszn_,3920535671211122
2872,สยบทุกทิศ,‘lanadelmy,907048774730866
2873,สัตว์โลกน่ารัก,ส้มไม่เลี้ยงนะคะ,381266528765042
2874,สัตว์โลกน่ารัก,‘SHERLOCK,3114980866196594
2875,สัตว์โลกน่ารัก,iloversugar,3615437300630642
2876,สัตว์โลกน่ารัก,ButterWhat,4744693523088498
2877,สัตว์โลกน่ารัก,MHEEDAM,2428500070040690
2878,สาดไปสมาชิก,ตัวเต็งบุเรงนองʕ´,416758997648498
2879,สาดไปสมาชิก,Yadashi,2133874708776050
2880,สาดไปสมาชิก,กึมบงพโยย,414320395748466
2881,สาดไปสมาชิก,67;,522163937543282
2882,สาดไปสมาชิก,₊˚ʚᴄɪ͜͡єʟɞ˚₊,2846748884272242
2883,สามัคคีคือพัง,ใครผัดกะเพรา,293400490476658
2884,สามัคคีคือพัง,`ᴍᴏᴀɴᴀ♡´,374789449647218
2885,สามัคคีคือพัง,&696969#?!;*.,329432783062130
2886,สามัคคีคือพัง,โจวติ๋ม,302295770399858
2887,สามัคคีคือพัง,สายลับพีเอง,320873986983026
2888,สาวอุดร,INCTlǐyáng,200148227654770
2889,สาวอุดร,ʚ˚˳ᴍᴀʀɪɴᴇᴛᴛᴇ♡ྀི˳,3657714207229042
2890,สาวอุดร,ᴄᴀɴ͜͡ᴅʏ✿︎´-,1629603739403378
2891,สาวอุดร,₊˚ɳεᴋᴏ͜͡★,3088518633161842
2892,สาวอุดร,ผิงผิง><,3893824866944114
2893,สาวอุดร,ForuMosu,957086821450866
2894,หญิงมาเอาเสื้อ,ˢᴷᶻʜʏᴜɴᴊɪɴ,333248257524850
2895,หญิงมาเอาเสื้อ,ขนมปังปิ้งครีมชีส,6050258085938290
2896,หญิงมาเอาเสื้อ,Threerakitk.Lee,1059817875768434
2897,หญิงมาเอาเสื้อ,ᴛяɪxɪᴇ,721278554276978
2898,หญิงมาเอาเสื้อ,หมีหมาจิโบรูโตะ,5906190722860146
2899,หมูต้ม,ᴀᴜᴍᴀᴇʀʏ><!!,2289904830841970
2900,หมูต้ม,มูม้วยมอระณา,690460955968626
2901,หมูต้ม,kaimadaimabb,577965494830194
2902,หมูต้ม,ด.ชทักษิณ,1861066170762354
2903,หมูต้ม,surocez,1504375713498226
2904,หมูปีศาจ,SKYLETz✿,181007907226738
2905,หมูปีศาจ,SoJuCat:3,297932553389170
2906,หมูปีศาจ,✿นำหนึ่งก้าวเสมอ↑,233366377137266
2907,หมูปีศาจ,Bonbon:3,102806283551858
2908,หมูปีศาจ,กอนนนบาบีก๊อน,674554209043570
2909,หมูปีศาจ,อย่าดื้อสิ.ʚïɞ,413946666484850
2910,หมูเด้ง,fillyluvly`,3558916940301426
2911,หมูเด้ง,*•°zee°•*,3226715312817266
2912,หมูเด้ง,An+,3065516331828338
2913,หมูเด้ง,Fuwαr!y｡,3276714302178418
2914,หมูเด้ง,qing♡ིྀ,3066764019827826
2915,หมูเด้ง,princefranz,4032357829117042
2916,หมูเด้งฮอกไกโด,˚.꒰ྀིხֺּαׅხ֯ყ˳ྀིׅαiׅɾაྀི˚.,2647336841053298
2917,หมูเด้งฮอกไกโด,˳ʚოindოinȶ ͜͡★‧˳,2072064626459762
2918,หมูเด้งฮอกไกโด,deanrai,3195249241556082
2919,หมูเด้งฮอกไกโด,ʜᴇʟɪøꜱs.,3143292418196594
2920,หมูเด้งฮอกไกโด,talkshitclub,1539177363735666
2921,หมูแคระ ( Moo Krae ),fl3urbie,4172215721591922
2922,หมูแคระ ( Moo Krae ),ყuniིྀ`౨ৎ,3138150537036914
2923,หมูแคระ ( Moo Krae ),forlovee,3154332228977778
2924,หมูแคระ ( Moo Krae ),markiss,1316752483091570
2925,หมูแคระ ( Moo Krae ),miffu,830764518409330
2926,ห่านปิ้ง,แมวจะยึดโลก,927228477244530
2927,ห่านปิ้ง,ซินชอบฉลาม,3052763298858098
2928,ห่านปิ้ง,ᴍᴀʀᴄᴇʟɪɴᴇㅤ†,4137382798623858
2929,ห่านปิ้ง,❥ᴜɢʟʏᴅᴜᴄᴋʏッ,1126723869672562
2930,ห่านปิ้ง,nu_nüne,644601643992178
2931,อดีตเบต้าเทสเตอร์,⁺˳໒꒰ྀིSαƙυɾα꒱ྀིა.✿,4048612267066482
2932,อดีตเบต้าเทสเตอร์,งุ่นเทพป5,4852250979796082
2933,อดีตเบต้าเทสเตอร์,seraphina`,4955882970612850
2934,อดีตเบต้าเทสเตอร์,₊˚øsd.b͜͡o༙྇nus†༙྇˚,3598213944902770
2935,อดีตเบต้าเทสเตอร์,Lucius捷拉`,403382858876018
2936,อดีตเบต้าเทสเต้อ,ไก่แก่กินหญ้าอ่อน,475505426105458
2937,อดีตเบต้าเทสเต้อ,ˋღєɨℓɨn͜͡✿ˎˊ,3445072456778866
2938,อดีตเบต้าเทสเต้อ,zikz,3441000626455666
2939,อดีตเบต้าเทสเต้อ,Suckmonktosay,3493121396769906
2940,อดีตเบต้าเทสเต้อ,นายจรโค้กซ่าล่ามังก,2734194367333490
2941,อยากกินซูชิ,₊˚zɛɴ͜͡†༙྇ᴏ⋆˚࿔₊,2693161591964786
2942,อยากกินซูชิ,ยู‘reมายเบสเฟรน,3466245974459506
2943,อยากกินซูชิ,ก๋วยจี๊บ,1944304516007026
2944,อยากกินซูชิ,.˚ֺɕ̥ɾυ͜͡nchყֺc̥αȶ˚ִ♡︎ིྀ͚,3814867731678322
2945,อยากกินซูชิ,babyrita`,2681850594264178
2946,อยากกินตับหวาน,บูมบู่มบู้มมมมม,3255137057571954
2947,อยากกินตับหวาน,MoMoei^^,4214445048005746
2948,อยากกินตับหวาน,พู่กันชอบกินชีส彡,611858491049074
2949,อยากกินตับหวาน,ไข่ทอดชะอมเน่าヅ,2028792092755058
2950,อยากกินตับหวาน,ʚ·˳oυ̫ɱྀི☆‧₊ა˳࣪,2913819965981810
2951,อยากกินมาม่า,˚⋆ᴢᴇᴋᴀᴡɪɪྀི⁰⁷,787384207869042
2952,อยากกินมาม่า,♡月钻✧,3663513352602738
2953,อยากกินมาม่า,พะชอนมาจากพชร,5253010821416050
2954,อยากกินมาม่า,ขนมปังแฮมชีสใส่ไข่,3516781029426290
2955,อยากกินมาม่า,⭒˚のぞみ✶?,3461938457805938
2956,อยากฮีลใจแต่เป็นได้แค่ฮีลมังกาซอ,ꊞ⁺◦εoceanз₊˚☆,532639161451634
2957,อยากฮีลใจแต่เป็นได้แค่ฮีลมังกาซอ,･:*+.(ʟɪᴠᴇʀ_ʟɪ).:,1692549236589682
2958,อยากฮีลใจแต่เป็นได้แค่ฮีลมังกาซอ,momtaetae,1041271267460210
2959,อยากฮีลใจแต่เป็นได้แค่ฮีลมังกาซอ,น้องลิ้ดซิ่งจนแหก,282038154495090
2960,อยากฮีลใจแต่เป็นได้แค่ฮีลมังกาซอ,†˚ʜ͜͡α༙྇вιвι໒꒱₊˚,3370914813248626
2961,อยากฮีลใจแต่เป็นได้แค่ฮีลมังกาซอ,ᴍᴀʜᴀɴɪʏᴏᴍ.ᴍɴ,1564168302036082
2962,อยู่ไม่ไหว,ᴏǫ,932618392765554
2963,อยู่ไม่ไหว,พารีรี่,1226876332999794
2964,อยู่ไม่ไหว,okkrub’,1693791421662322
2965,อยู่ไม่ไหว,stepsecratboy,3638444165366898
2966,อยู่ไม่ไหว,₊⸝✿ׅhּ͜͡αℓeིྀ̫ɾּხi֯໒꒱ﾟ·,3386701905069170
2967,อย่าเอ๊ะ เดี๋ยวเละหมด,ᴍᴜᴄʜɪᴊɪ,2931827421676658
2968,อย่าเอ๊ะ เดี๋ยวเละหมด,MeowPer,5641745291478130
2969,อย่าเอ๊ะ เดี๋ยวเละหมด,ᴛᴇᴇʀᴀᴋ⭒,1297318964036722
2970,อย่าเอ๊ะ เดี๋ยวเละหมด,กรีกโยเกิร์ต★,5811850424026226
2971,อย่าเอ๊ะ เดี๋ยวเละหมด,ขอเลียหน่อยหมวย,495866745159738
2972,อาโอวีอาโอใจ,ddツ,393851051377778
2973,อาโอวีอาโอใจ,ᴍᴀʀɢᴀʀɪᴛᴀ?,635161909855346
2974,อาโอวีอาโอใจ,{ғʀᴀᴘᴘᴇ},635258546619506
2975,อาโอวีอาโอใจ,F͜͡u͜͡f͜͡f͜͡y͜͡,266833232069746
2976,อาโอวีอาโอใจ,DELEEUM,3326910390273138
2977,อ้วนตัวใหญ่,peqr.ljk,3803765643871346
2978,อ้วนตัวใหญ่,tomiwinterfell,286517000078450
2979,อ้วนตัวใหญ่,lity,1201494552675442
2980,อ้วนตัวใหญ่,primmie1tap,522861802620018
2981,อ้วนตัวใหญ่,jangail,1150284852298866
2982,เข้าหูละ เหลือเข้าใจ,Mxrliah,878667295294578
2983,เข้าหูละ เหลือเข้าใจ,อะโวโจโด้,523055948563570
2984,เข้าหูละ เหลือเข้าใจ,เมลล`,507849348416626
2985,เข้าหูละ เหลือเข้าใจ,xiaoxixi,3648930730673266
2986,เข้าหูละ เหลือเข้าใจ,SachinanJou♡,930646331688050
2987,เจิดระเบ๋ง,ׂ ˳ׅ^ིྀׅოis͜͡sּυხ̫iּხiּ♡ׂׅ֯,2183328841270386
2988,เจิดระเบ๋ง,MiiORIxx,444282624476274
2989,เจิดระเบ๋ง,แมวน้อยสีส้ม・,312189496001650
2990,เจิดระเบ๋ง,PlOY`♡°*,805520311256178
2991,เจิดระเบ๋ง,jmcyxxa,3302909777478770
2992,เจ๊พลอยสั่งลุย,‧˳˚ρℓoყℓყ.♡,3473860548822130
2993,เจ๊พลอยสั่งลุย,Lilskrip`,2453067081647218
2994,เจ๊พลอยสั่งลุย,น้องกิมเหนื่อยเกม,502548956120178
2995,เจ๊พลอยสั่งลุย,วุ้นเส้นน้ำตกไม่ผัก,2308470363849842
2996,เจ๊พลอยสั่งลุย,อมล.จะไปกลอเรียส,3307023953495154
2997,เจ๊พลอยสั่งลุย,hoaLy,2767035297891442
2998,เทคมาเนียน,น้องอยากกินขนมปัง,1756598741697650
2999,เทคมาเนียน,ᴍᴀᴅﾒᴄᴀᴛᶻ,154772569261170
3000,เทคมาเนียน,ʚɞ｡ѕαi͜͡ѕєα໒꒱ྀˎˊ˗,3043242295886962
3001,เทคมาเนียน,อาจารย์.เพ็ญศรี,3685598275765362
3002,เทคมาเนียน,༘♡poiso͜͡npinkഒ,1409600317393
3003,เน้นเข้าร่วมไม่เน้นเข้ารอบ,กระต่ายด็อกแด็ก.,500548843537522
3004,เน้นเข้าร่วมไม่เน้นเข้ารอบ,м︎α︎ω︎α︎ʀιкα︎✿,1787978175415410
3005,เน้นเข้าร่วมไม่เน้นเข้ารอบ,レイード,5070009445581938
3006,เน้นเข้าร่วมไม่เน้นเข้ารอบ,อีเรียม,82933604090994
3007,เน้นเข้าร่วมไม่เน้นเข้ารอบ,เมะกาวามะ,2133644055610482
3008,เป่ายิ้งฉุบ,อืมมแล้วไงต่อ?,613777804559474
3009,เป่ายิ้งฉุบ,นักเลงแว่นน,877657239782514
3010,เป่ายิ้งฉุบ,うななうなあ,268132459676786
3011,เป่ายิ้งฉุบ,ᨳິᴍᴇᴏᴡ:ʙᴀʙʏᰔᩚ,4304284959310962
3012,เป่ายิ้งฉุบ,ʀᴀɪɴɪɴɢ,100963205710962
3013,เป๊าะ,...ᘛ⁠⁐̤⁠ᕐ⁠ᐷ,1449499990099058
3014,เป๊าะ,˗ˏˋ₳ʟɪᴄɪᴀ✟°•ํˎˊ˗,2922336215041138
3015,เป๊าะ,แงวแง่วแง้วแง๊วแง๋ว.,227837076505714
3016,เป๊าะ,•หมูกรอบคะน้า:),1181062856377458
3017,เป๊าะ,ʚＢᴀᴅy˳bεαʀɞ˳˙,495772839904370
3018,เป๊าะ,★ᴍᴏʀɴɪɴɢ★,2496826221724786
3019,เป๊าะ,沈光丽,1204842815226994
3020,เมจ5บ้าพลัง,ทาคุมิเป็นแมวส้ม✦,946589921379442
3021,เมจ5บ้าพลัง,꧁⊱忘羨⊰꧂,3284918360802418
3022,เมจ5บ้าพลัง,ตูนรักแมว^⁠ • ｪ⁠ • ^,4447660027348082
3023,เมจ5บ้าพลัง,นั่งจิ้มขี้,2817866772710514
3024,เมจ5บ้าพลัง,งงหมา(ㆁωㆁ),2751278337950834
3025,เละคัก,ʀᴜʙʏ☆,606268658222194
3026,เละคัก,ʜʏᴅʀᴀɴɢᴇᴀ✧˖°.,3064181133870194
3027,เละคัก,.กุเกลียดฟอเรน.,3000720240608370
3028,เละคัก,แมวดำชาไทย,3599181587612786
3029,เละคัก,ʟᴜɴᴀᴄʀɪs,343425450968178
3030,เละคัก,น้องวอวอㅤ,5323646725981298
3031,เล่นเอาเสื้อ,°♪★ɴᴀᴏᴍɪ✮ˎˊ˗,4355026441143410
3032,เล่นเอาเสื้อ,yourrbabe,5196423754876018
3033,เล่นเอาเสื้อ,Isomyhusband,4454726792053874
3034,เล่นเอาเสื้อ,˗ˋ૮꒰՞ʙabieৎ՞ა,4318947239462002
3035,เล่นเอาเสื้อ,αҽօղ,4511880928494706
3036,เล่นเอาเสื้อ,°♪★ɴᴀᴏᴍɪ✮ˎˊ˗,4355026441143410
3037,เล่นเอาเสื้อ,yourrbabe,5196423754876018
3038,เล่นเอาเสื้อ,Isomyhusband,4454726792053874.0
3039,เสต็ปเคะ,bunnyteeth.,5832750741521522
3040,เสต็ปเคะ,Yoauhhh,5528288562971762
3041,เสต็ปเคะ,น้อนแพรร,2987816078476402
3042,เสต็ปเคะ,王成☆,3252089107186802
3043,เสต็ปเคะ,愛⋆˚꩜｡,1507128183555186
3044,เสื้อสวยๆ ฉันขอนะ,F.NŦ,871896078025842
3045,เสื้อสวยๆ ฉันขอนะ,ᴍᴇᴡɴᴏɪ,493954726560882
3046,เสื้อสวยๆ ฉันขอนะ,Platooツ,1988404434895986
3047,เสื้อสวยๆ ฉันขอนะ,♡엄미해'♡,1281182570579058
3048,เสื้อสวยๆ ฉันขอนะ,แม่น้องพูวิน,2061753752159346
3049,เหนือดวง888,Askellads,3060458336748658
3050,เหนือดวง888,･✿.เคยอมแล้ว,1182036471776370
3051,เหนือดวง888,ทราย‘เอง,1186030724252786
3052,เหนือดวง888,⁻ᴹᵃᵉⁱ⁻,291386687685746
3053,เหนือดวง888,Gemini,442510078051442
3054,เหล่าจอมยุทธผู้พิชิตกาว,◈sᴍɪʟᴇ†Ѽ,279307226383474
3055,เหล่าจอมยุทธผู้พิชิตกาว,~วาฬน้อย*,3195022749140082
3056,เหล่าจอมยุทธผู้พิชิตกาว,ชอบเล่นบอทเก,5903455231345778
3057,เหล่าจอมยุทธผู้พิชิตกาว,@ไข่ดาว,280219705607282
3058,เหล่าจอมยุทธผู้พิชิตกาว,กะปิคุงยอดนักแซด,1974704495854706
3059,เห็บร้าย,かつちゃん,974310579831922
3060,เห็บร้าย,Black_Panther;,789810931500146
3061,เห็บร้าย,ᴀ_ᴄʜᴇᴇʀ彡★,1009611855561842
3062,เห็บร้าย,เดินมาให้ตบคืน,3196819656082546
3063,เห็บร้าย,นายไข่โต้มมม,707942815040626
3064,เห็บร้าย,เงือกน้อยอังคนา,1377370779092082
3065,เอาชื่อทีมไร,น้องเซียธิน,2295671696852082
3066,เอาชื่อทีมไร,จอมมารอาโป,3034165218051186
3067,เอาชื่อทีมไร,玲、♡ᜓིྀ,3514420072481906
3068,เอาชื่อทีมไร,น้องจินมัส,3788669504914546
3069,เอาชื่อทีมไร,ɢᴀʙ͜͡ɪɴᴏ,1653171902678130
3070,เอาดง,₊˚໒ғᴀʀᴜʀɪ͜͡ɴაིྀ⋆˙,4342473728132210
3071,เอาดง,ZoLYN,1615832664966258
3072,เอาดง,⋅₊˚꒰ִིྀbєєfa͜͡✿ིྀა̫˚༘,3703291930412146
3073,เอาดง,°☆˖PYXIZ˖❀˖°,3135726027998322
3074,เอาดง,ฟ้าไม่กินถั่วงอก,3134526926816370
3075,เฮดิส HADES,MOCHINARAK,2324380197782642
3076,เฮดิส HADES,-,-
3077,เฮดิส HADES,วฺอดส์ฺ,4298937725027442
3078,เฮดิส HADES,Point kiko,1212900844962930
3079,เฮดิส HADES,จอมมารจิ๋ว,3251182063780978
3080,เฮดิส HADES,Phoenix'p,1678585962366066
3081,เฮียหึง,‎ׂ˳༝ཫׅᴊ͜͡ᴀ༙྇ʏᴢׂ͢ᴇʀ۪†༙྇ˋ,3348254297359474
3082,เฮียหึง,staywithcat,1551149517964402
3083,เฮียหึง,˳☆hiხ͜͡αིྀɾɾყყყּ♡ׂׅ̊,583899931673714
3084,เฮียหึง,ˋ༑ᴄʜᴀ͜͡ᴄ༙྇ᴏɴɴᴇ★˳,209250806858866
3085,เฮียหึง,֯₊ּ♡ׂ⸝ĸּׅυɾ͜͡oოi̫eაིྀ˳·,1039885268092018
3086,แก๊งลูกหมี,⋆·˚༘*ᴋᴜᴊɪʀᴀツ,821349748769906
3087,แก๊งลูกหมี,Mìntlńwză,3074196058080370
3088,แก๊งลูกหมี,sunsez,3032056791762034
3089,แก๊งลูกหมี,⸝⸝หัวหน้าแก๊งลูกหมี⸝⸝,4027134813340786
3090,แก๊งลูกหมี,-ˋˏ✄┈┈┈┈┈┈┈,5475865467225202
3091,แชมป์ระดับโลก,▲venιтa_ѕт▼,405673687057522
3092,แชมป์ระดับโลก,ท้ายหน่อไม้ดอง,2665684807124082
3093,แชมป์ระดับโลก,ครับป้าๆ,438171624211570
3094,แชมป์ระดับโลก,ᴄᴀɴɪɴᴇ★,2855183461844082
3095,แชมป์ระดับโลก,Grilledbanana,561241898812530
3096,แพะไม่หมู,ׅ⇀̶༐ཾᴛֺʜ̷ᴇ͜ʙ́ᴇɴᴅ͢͡s察†༙྇,4296613745067122
3097,แพะไม่หมู,แน่จริงอย่าวิ่งตาม,4833096767833202
3098,แพะไม่หมู,แดงดำlJo955,4477661246325874
3099,แพะไม่หมู,ᴘᴇɴᴜᴍʙʀᴀ,276456240514162
3100,แพะไม่หมู,น้องแอ้มฟีฟาย,3215665368597618
3101,แพ้ไม่กลัว กลัวไม่ได้เสื้อ V.2,HewKhaw,1010906788201586
3102,แพ้ไม่กลัว กลัวไม่ได้เสื้อ V.2,•ชาไทยหวาน50︎︎•,531125923677298
3103,แพ้ไม่กลัว กลัวไม่ได้เสื้อ V.2,บะเบรื่ออออ,1176255982666866
3104,แพ้ไม่กลัว กลัวไม่ได้เสื้อ V.2,ไข่เจียวโอริโอ้ที่นึง,712407634871410
3105,แพ้ไม่กลัว กลัวไม่ได้เสื้อ V.2,Isaydisco,3116872262419570
3106,แม่โรบูด,Sci sc,689969383539826
3107,แม่โรบูด,草kusa草,331494166037618
3108,แม่โรบูด,แมวส้ม?,3869680439854194
3109,แม่โรบูด,ᴛɪʟᴀᴘɪᴀˢ,607955909280882
3110,แม่โรบูด,jupiterjane.,1092373258110066
3111,แม่โรบูด,GII gii,689210315179122
3112,แม่โรบูด,แบกคึนุด้วยย์,5090960027616370
3113,แรงใดในโลกไม่เท่าแรงโยกดาวอาวี,ྀི.˳◌.anan♡ྀི₊֯,3427919162705010
3114,แรงใดในโลกไม่เท่าแรงโยกดาวอาวี,✧.*ตุบุ‧₊˚,3151516743697522
3115,แรงใดในโลกไม่เท่าแรงโยกดาวอาวี,Moodkiiii,2632278551495794
3116,แรงใดในโลกไม่เท่าแรงโยกดาวอาวี,รีอัลออฟาเก้,2120052161840242
3117,แรงใดในโลกไม่เท่าแรงโยกดาวอาวี,ยิ้มแห้งงง,2433378414691442
3118,แร้วไงใครแคร่,Iluv_therains,2070142494377074
3119,แร้วไงใครแคร่,vounoko,3440666826966130
3120,แร้วไงใครแคร่,springbreeze_,454672016147570
3121,แร้วไงใครแคร่,˳ʚR͜͡ʋbყᎫྀི˚⁎⁺,1172163281486962
3122,แร้วไงใครแคร่,Ne_Nexz06,5941099545953394
3123,แล้วแต่แก,Diones,3478254367474802
3124,แล้วแต่แก,thymine,4766958298006642
3125,แล้วแต่แก,หม่อมสมศรี,3903549679535218
3126,แล้วแต่แก,โตมาชิกาโตะ,2908267848336498
3127,แล้วแต่แก,teenboi.,1611574204892274
3128,แว่นแค่เครื่องประดับ,ปลากระป๋องอบขี้,4147948887934066
3129,แว่นแค่เครื่องประดับ,Crerabbit,3351864620024946
3130,แว่นแค่เครื่องประดับ,สาดสกิลผิดฝั่ง,5202214108988530
3131,แว่นแค่เครื่องประดับ,ราชาเหนือsาชา,4611196745614450
3132,แว่นแค่เครื่องประดับ,₊‧꒰ʀa͜͡ғтˎˊ˗,4515676270298226
3133,แฮม&เอ้ก,ZakI,3247407525725298
3134,แฮม&เอ้ก,ᶜʰᵃˡᵃᴸᵃ·,3077243740030066
3135,แฮม&เอ้ก,Moelynnˊ,3692912269526130
3136,แฮม&เอ้ก,saradaisylightˊ,884573613524082
3137,แฮม&เอ้ก,ΛDomик˚,3788639574361202
3138,แฮม&เอ้ก,ปุ๊กปุ๋ยตะหลุยด๋อง,3830282436412530
3139,โคตรจะเริ่ด,"B̶̶E̶̶N̶̶T̶̶O̶""̶",4424249838339186
3140,โคตรจะเริ่ด,Kgboonrold,2892303186461810
3141,โคตรจะเริ่ด,˚ִ˖໒ྀི꒰τ݂ო͜͡ʑ݁ɑ݂ɑ݁.♡ྀིˎˊ˗,880481180779634
3142,โคตรจะเริ่ด,²Ø'ka:Re★,890309072585842
3143,โคตรจะเริ่ด,Panda__²⁰⁰⁶メ,4061975856481394
3144,โครตจะไฮโซ,Stefanie.,95203788784754
3145,โครตจะไฮโซ,หมูป่าติดขี้เปียก,4086201015534706
3146,โครตจะไฮโซ,ꜱᴀɴᴄʜᴏᯓ꙳,3787537512596594
3147,โครตจะไฮโซ,KEW⁷⁷⁷,4896343718036594
3148,โครตจะไฮโซ,χαуℓσя！,3510750492689522
3149,โหด 5 ซ่าได้ทุกเลน,EhzhāngZzh,3554722502083698
3150,โหด 5 ซ่าได้ทุกเลน,✎peeYook,2803835584316530
3151,โหด 5 ซ่าได้ทุกเลน,Ashlyn.,3718431019041906
3152,โหด 5 ซ่าได้ทุกเลน,New.FERN,2570109503865970
3153,โหด 5 ซ่าได้ทุกเลน,нᴀɴᴇʏʙᴀᴅԍᴇʀ.⋆,2251941413586034
3154,โหน้องส์,mayarun,1242367743165554
3155,โหน้องส์,Yammyya,365982484989042
3156,โหน้องส์,Warius,407056733635698
3157,โหน้องส์,AarrowA,299261241787506
3158,โหน้องส์,PATACHI,2717348096312434
3159,โหน้องส์,enolaray,3683966657954930
3160,โหม๋กูยอมแล้ว,realwinter,518477379208306
3161,โหม๋กูยอมแล้ว,ดิจิมอนฟุดฟิด,1259462518310002
3162,โหม๋กูยอมแล้ว,Jeejii:3,1210458149422194
3163,โหม๋กูยอมแล้ว,h3llopxn,270337925383282
3164,โหม๋กูยอมแล้ว,-กะเต๋ว-,842334623433842
3165,โห่พี่ บัฟผม,⁖ʜʏ͜͡ɴɪsッ,410916097295474
3166,โห่พี่ บัฟผม,Hanamama7,5583524459644018
3167,โห่พี่ บัฟผม,จมน้ำบ๋อมแบ๋ม,2525208640685170
3168,โห่พี่ บัฟผม,₊˚ʚge͜͡xυʝυ︎★˖˚·,3207478959604850
3169,โห่พี่ บัฟผม,*･민아♡‧˚₊,933390547354738
3170,ไก่ จิก เด็ก,GREEG,1661114773603442
3171,ไก่ จิก เด็ก,Dioxzye_,242351046067314
3172,ไก่ จิก เด็ก,พาแมวออกมานั่งขี้,121155054929010
3173,ไก่ จิก เด็ก,EmmyyS,694539631395954
3174,ไก่ จิก เด็ก,sQuïshy,216170938696818
3175,ไก่ จิก เด็ก,bb,110920751842418
3176,ไก่ จิก เด็ก,เชอร์มันก็ดีได้แค่นี้,972979207079026
3177,ไก่ซิ่งชิงเสื้อsizeอะไร,lilferr..,942726396970098
3178,ไก่ซิ่งชิงเสื้อsizeอะไร,ෆesmé,318628658611314
3179,ไก่ซิ่งชิงเสื้อsizeอะไร,staicalmo,3758996314063986
3180,ไก่ซิ่งชิงเสื้อsizeอะไร,potatoiswho,120321629946994
3181,ไก่ซิ่งชิงเสื้อsizeอะไร,xqribboo,3418298838615154
3182,ไก่แจ้,.ปอป้อ.,1037945083724914
3183,ไก่แจ้,V-errill,1589411636774002
3184,ไก่แจ้,MIRACIEL.,1516885409727602
3185,ไก่แจ้,iRISol,214888622523506
3186,ไก่แจ้,Pui_fai12,2962751790187634
3187,ได้เสื้อจะเต้นบราซิลโชว์,mujuuu,1278734170784882
3188,ได้เสื้อจะเต้นบราซิลโชว์,₊˚ძׅɛׂ͜͡ɛׅɳׂαྀི̫ɞ✿˳‧,2177599086462066
3189,ได้เสื้อจะเต้นบราซิลโชว์,TataAnanwilat,2754481444029554
3190,ได้เสื้อจะเต้นบราซิลโชว์,Mao͜͡mao♪,2748610357953650
3191,ได้เสื้อจะเต้นบราซิลโชว์,noononnoi,1078353142678642
3192,ไม่ซ้อม พร้อมแข่ง,ลูกซ้ออ้อ,3779139308029042
3193,ไม่ซ้อม พร้อมแข่ง,โย๊ะโย๊ะโย๊ะ.,3309135533900914
3194,ไม่ซ้อม พร้อมแข่ง,Just-One-Day,3363211319641202
3195,ไม่ซ้อม พร้อมแข่ง,อย่าแบนซาต้าหนู,3275992546346098
3196,ไม่ซ้อม พร้อมแข่ง,아리사,3693404378825842
3197,ไม่ซ้อมพร้อมแข่ง.,`ƒoɾeѕȶყx,3058381585843314
3198,ไม่ซ้อมพร้อมแข่ง.,-•ɪᴛsᴜᴋɪ⋅ʚ♡ɞ⋅,2455912363263090
3199,ไม่ซ้อมพร้อมแข่ง.,n4minqxv_,3517223545275506
3200,ไม่ซ้อมพร้อมแข่ง.,Cigklegacy.,1496653697844338
3201,ไม่ซ้อมพร้อมแข่ง.,⁺.༏sּ͜͡ᴏʙᴀ†༙྇⁺.,1129582237516914
3202,ไม่ซ้อมเน้นเสื้อ,บอกอมะมะหมูเด้ง⋆˙,452899469722738
3203,ไม่ซ้อมเน้นเสื้อ,ᴡᴀɴᴅᴀɴᴏᴘʀᴏ,1986629405443186
3204,ไม่ซ้อมเน้นเสื้อ,พอแล้วเข้าใจแล้ว,319331221308530
3205,ไม่ซ้อมเน้นเสื้อ,CHARI.,226164924941426
3206,ไม่ซ้อมเน้นเสื้อ,choris,3337343738250354
3207,ไม่หลายใจแต่หลายจาน,sαყzeყˊ✿,1466015145985138
3208,ไม่หลายใจแต่หลายจาน,อดีตBetaTester.,3533993849062514
3209,ไม่หลายใจแต่หลายจาน,ลำนำปลายฝน,761583534015602
3210,ไม่หลายใจแต่หลายจาน,†˳⋅༏ᴅ͜ᴇ༙྇͡ᴄ༏⋅˳⁺,3547757340198002
3211,ไม่หลายใจแต่หลายจาน,༑･ֺ۪ᴋ͜͡†༙྇ᴀׅʀ֯ɴུ༙྇ˎˊ,4817508519576690
3212,ไม่หลายใจแต่หลายจาน,?｡ʚishiɞ｡✿,3097422972781682
3213,ไม่อยากไปทำงาน,บอสจีทีมงานอาหวัง,422535795770482
3214,ไม่อยากไปทำงาน,หนููชอบเมนนาครอส,2542604264866930
3215,ไม่อยากไปทำงาน,ปลุกฉันที,1715049899164786
3216,ไม่อยากไปทำงาน,MEI-YAO,3522872299684978
3217,ไม่อยากไปทำงาน,นอนอนะระ,3384872181892210
3218,ไม่เน้นเข้ารอบ,จะ.เอา.ยัง.ไง,5710031580497010
3219,ไม่เน้นเข้ารอบ,L00KN44M,5805559639114866
3220,ไม่เน้นเข้ารอบ,NYRAメ,3362165427995762
3221,ไม่เน้นเข้ารอบ,?༘,3693660197815410
3222,ไม่เน้นเข้ารอบ,ก็อยากใช้ชื่อตาม,3817290697213042
3223,ไม่เน้นเข้ารอบ,มุกเองอ้วรร,3658975853872242
3224,ไหนลองทำหน้าโกรธ,֯ ׅ༱ཫα۪ɴɢ༙྇͜ᴇ͡ʟׂᴏׅ˚†༙྇⁺ׅ,1127787612275826
3225,ไหนลองทำหน้าโกรธ,˳༈༱ׅsʜּ֯ᴏ͜͡†༙྇ᴛ۪ᴀག˳ˊ,3559066794394738
3226,ไหนลองทำหน้าโกรธ,มึงเห็นไหมหมากัดกู,3154829103006834
3227,ไหนลองทำหน้าโกรธ,Evangelyne,1908159077876850
3228,ไหนลองทำหน้าโกรธ,ʟᴏɴᴇᴡᴏʟғz,1233062696518770
3229,ไหนลองทำหน้าโกรธ,ʙᴀʙʏᴀᴄʜɪ!,2848146829018226
3230,ไหลลื่นคลื่นอุบล,RONMAT889,2036801133020274
3231,ไหลลื่นคลื่นอุบล,มินไม่กินผัก.,246595010626674
3232,ไหลลื่นคลื่นอุบล,芳馨,6115987997000818
3233,ไหลลื่นคลื่นอุบล,Chinjen,3497558165095538
3234,ไหลลื่นคลื่นอุบล,小雞來了,5437185528628338
3235,ไหลลื่นคลื่นอุบล,ปายชอบกินแมว,3455872152044658
3236,ไอซ์ซิเลชั่น,กองปราบพวกเเอคฮี,2119660514509938
3237,ไอซ์ซิเลชั่น,ราชา6⁹,2121205561885810
3238,ไอซ์ซิเลชั่น,นมสดツ,1747804930376818
3239,ไอซ์ซิเลชั่น,ราชาซิกเซเว่นน,2149565902029938
3240,ไอซ์ซิเลชั่น,DND.ᴠᴇɢᴀꜱ,3907939001894002
3241,ไอซ์ซิเลชั่น,maegamist,4648663959929970
3242,ꜰᴀᴇʟᴏʀɪᴀ,vinsaint梅尔,486224255190130
3243,ꜰᴀᴇʟᴏʀɪᴀ,Ｓｕｎˎˊ˗,1861146432963698
3244,ꜰᴀᴇʟᴏʀɪᴀ,Kitsubi,865882385613938
3245,ꜰᴀᴇʟᴏʀɪᴀ,⁺༐戸ׅ村ּ†༙྇˳ֺ,1839276593710194
3246,ꜰᴀᴇʟᴏʀɪᴀ,•✿LUKMEE✿•,4146717641606258
